1 Appendicularia,1 Barnacle,1 Bivalvia,1 Brachyura,1 Calanoid,1 Caprellidea,1 Cladoceran,1 Cnetophora,1 Cumacea,1 Cyclopoid,1 Echinoderm,1 Gammarid,1 Gastropod,1 Harpac,1 Hyperiidea,1 Mysida,1 Natantia,1 Ostracod,1 Phyllodocida,1 UK10,1 UK12,1 UK25,1 UK4,1 UK7,1 UK8,1 UK9,1 Valvifera,10 Appendicularia,10 Brachyura,10 Caprellidea,10 Cnetophora,10 Cumacea,10 Fish Larvae,10 Gammarid,10 Natantia,10 Phyllodocida,10 Pleuronecti,10 UK16,10 UK19,10 UK9,10 Valvifera,14 Brachyura,14 Cumacea,14 Phyllodocida,14 UK9,14 Valvifera,18 UK10,18 UK9,2 Appendicularia,2 Barnacle,2 Bivalvia,2 Brachyura,2 Calanoid,2 Caprellidea,2 Cladoceran,2 Cumacea,2 Echinoderm,2 Euphausiid,2 Fish Larvae,2 Gammarid,2 Gastropod,2 Harpac,2 Mysida,2 Natantia,2 Phyllodocida,2 UK10,2 UK11,2 UK21,2 UK24,2 UK25,2 UK27,2 UK9,2 Valvifera,22 Brachyura,22 Fish Larvae,22 Gammarid,22 Natantia,22 Phyllodocida,22 UK10,22 UK9,24 Valvifera,26 Fish Larvae,26 Pleuronecti,26 UK13,26 UK15,26 UK9,30 Brachyura,30 UK13,30 UK9,32 Valvifera,34 UK10,34 UK9,4 Mysida,42 UK10,50 UK10,6 Brachyura,6 Caprellidea,6 Cardidae,6 Cumacea,6 Echinoderm,6 Gammarid,6 Gastropod,6 Phyllodocida,6 UK10,6 UK9,6 Valvifera,8 Fish Larvae,82 Phyllodocida
0.0,0.0,0.0,0.0,0.0,0.0,0.0,0.0,-0.009695449338221309,0.0,0.0,0.0,0.0,4.561572164785453,0.0,0.0,0.0,0.0,-1.4760326527640044,0.0,0.0,0.0,0.0,0.0,0.0,0.0,0.0,0.0,0.0,0.0,0.0,0.0,0.0,0.0,0.0,0.0,0.0,0.0,0.0,0.0,0.0,0.0,0.0,0.0,0.0,0.0,0.0,0.0,0.0,0.0,0.0,0.0,0.0,0.0,0.0,0.2585685313167956,0.0,0.0,0.0,-1.4760326527640044,0.0,-0.628734729868919,0.0,0.0,0.0,0.0,0.0,0.0,-0.009695449338221309,0.0,0.0,0.0,0.0,0.0,0.0,0.0,0.0,0.0,0.0,0.0,0.0,0.0,0.0,0.0,0.0,0.0,0.0,0.0,0.0,0.0,0.0,0.0,0.0,0.0,0.0,0.0,0.0,0.0,0.0,0.0,0.0,0.0,0.0,0.0,0.0,0.0,0.0,0.0
0.0,0.0,0.0,0.0,0.8498009963553221,0.0,0.1566537730453762,0.0,2.236095346787713,0.0,0.0,1.8614018963747112,0.0,4.307693715298353,0.0,0.0,0.0,0.0,1.0729445391195318,0.0,0.0,0.0,0.0,0.0,0.0,0.0,0.0,0.0,0.0,0.0,0.0,0.0,0.0,0.0,0.0,0.0,0.0,0.0,0.0,0.0,0.0,0.0,0.0,0.0,0.0,0.0,0.0,0.0,0.0,0.0,0.0,0.0,0.0,0.0,0.0,0.8498009963553221,0.0,0.0,0.0,-0.5364934075145691,0.0,0.0,0.0,0.0,0.0,0.0,0.0,0.0,0.0,-0.5364934075145691,0.0,0.0,0.0,0.0,0.0,0.0,0.0,0.0,0.0,0.0,0.0,0.0,0.0,0.0,0.0,0.0,0.0,0.0,0.0,0.0,0.0,0.0,0.0,0.0,0.0,0.0,0.0,0.0,0.0,0.0,0.0,0.0,0.0,0.0,0.0,0.0,0.0,0.0
0.0,0.0,0.0,0.0,0.0,0.0,-1.0715834802801996,0.0,3.492764574312646,0.0,0.0,1.2310014667138554,0.0,3.8187655118212627,0.0,0.0,0.0,0.0,1.9241486618738006,0.0,0.0,0.0,0.0,0.0,0.0,0.0,0.0,0.0,0.0,0.0,0.0,0.0,0.0,0.0,0.0,0.0,0.0,0.0,0.0,0.0,0.0,0.0,0.0,0.0,0.0,0.0,0.0,0.0,0.0,0.0,0.0,-1.0715834802801996,0.0,0.0,0.0,1.9241486618738006,0.0,0.0,0.0,0.7201758429478647,0.0,0.0,0.0,0.0,0.5378543153539098,0.0,0.0,0.0,0.0,0.0,0.0,0.0,0.0,0.0,0.0,0.0,0.0,0.0,0.0,0.0,0.0,0.0,0.0,0.0,0.0,0.0,0.0,0.0,0.0,0.0,0.0,0.0,0.0,0.0,0.0,0.0,0.0,0.0,0.0,0.0,0.0,0.0,0.0,0.0,0.0,0.0,0.0,0.0
0.0,0.0,0.0,0.0,1.760260804168684,0.0,0.0,0.0,0.1508228917345836,0.0,0.0,1.2494351804026933,0.0,4.384929393839089,0.0,0.0,0.0,0.0,1.9425823609626387,0.0,0.0,0.0,0.0,0.0,0.0,0.0,0.0,0.0,0.0,0.0,0.0,0.0,0.0,0.0,0.0,0.0,0.0,0.0,0.0,0.0,0.0,0.0,0.0,0.0,0.0,0.0,0.0,0.0,0.0,0.0,0.0,0.0,0.0,0.0,0.0,0.1508228917345836,0.0,0.0,0.0,0.0,0.0,0.0,0.0,0.0,0.1508228917345836,0.0,0.0,0.0,0.0,0.0,0.0,0.0,0.0,0.0,0.0,0.0,0.0,0.0,0.0,0.0,0.0,0.0,0.0,0.0,0.0,0.0,0.0,0.0,0.0,0.0,0.0,0.0,0.0,0.0,0.0,0.0,0.0,0.0,0.0,0.0,0.0,0.0,0.0,0.0,0.0,0.0,0.0,0.0
2.8134107187600366,0.0,0.0,0.0,3.245803833683046,0.0,0.38077247218445937,0.0,2.277892484403674,0.0,0.0,0.9760268084629374,0.0,3.8979287930050885,0.0,0.0,0.0,1.0157102929571142,1.1003529395227052,0.0,0.0,0.28287960906272963,0.0,0.0,0.0,0.0,-0.7178397481503178,0.0,0.0,0.0,0.0,0.0,0.0,0.0,0.0,0.0,0.0,0.0,0.0,0.0,0.0,0.0,0.0,0.0,0.0,0.0,0.0,0.0,0.0,0.0,0.0,0.0,0.0,0.0,0.0,0.0,0.0,0.0,0.0,0.1743533951447777,0.0,0.0,0.0,0.0,-0.7178397481503178,0.0,0.0,0.0,0.0,0.0,-0.7178397481503178,0.0,0.0,0.0,0.0,0.0,0.0,0.0,0.0,0.0,0.0,0.0,0.0,0.0,0.0,0.0,0.0,0.0,0.0,0.0,0.0,0.0,0.0,0.0,0.0,0.0,0.0,0.0,0.0,0.0,0.0,0.0,0.0,0.0,0.0,0.0,0.0,0.0
0.0,0.0,0.0,0.0,0.3078847667693003,0.0,0.020202743317518677,0.0,2.7282529052197293,0.0,0.0,1.0010319473292457,0.0,4.268697948966879,0.0,0.0,0.0,0.0,1.62964061655162,0.0,0.0,0.0,0.0,0.0,0.0,0.0,0.0,0.0,0.0,0.0,0.0,0.0,0.0,0.0,0.0,0.0,0.0,0.0,0.0,0.0,0.0,0.0,0.0,0.0,0.0,0.0,0.0,0.0,0.0,0.0,0.0,0.0,0.0,0.0,0.0,0.0,0.0,0.0,0.0,0.0,0.0,0.0,0.0,0.0,-1.0784094473505992,0.0,0.0,0.0,0.0,0.867500575704723,0.0,0.0,-1.0784094473505992,0.0,0.0,0.0,0.0,0.0,0.0,0.0,0.0,0.0,0.0,0.0,0.0,0.0,0.0,0.0,0.0,0.0,0.0,0.0,0.0,0.0,0.0,0.0,0.0,0.0,0.0,0.0,0.0,0.0,0.0,0.0,0.0,0.0,0.0,0.0
0.0,0.12708576412110967,0.0,0.0,4.03255609710063,0.0,-0.631271764841858,0.0,0.0,0.0,0.0,0.0,0.0,2.9436479690319755,0.0,0.0,0.0,0.0,1.1604877043861972,0.0,0.0,0.0,0.0,0.0,0.0,0.0,0.0,0.0,0.0,0.0,0.0,0.0,0.0,0.0,0.0,0.0,0.0,0.0,0.0,0.0,0.0,0.0,0.0,0.0,0.0,0.0,0.0,0.0,0.0,0.0,0.0,0.0,0.0,0.0,0.0,0.0,0.0,0.0,0.0,0.0,0.0,0.0,0.19773384167119448,0.0,0.0,0.0,0.0,0.0,0.0,0.0,0.0,0.0,0.0,0.0,0.0,0.0,0.0,0.0,0.0,0.0,0.0,0.0,0.0,0.0,0.0,0.0,0.0,0.0,0.0,0.0,0.0,0.0,0.0,0.0,0.0,0.0,0.0,0.0,0.0,0.0,0.0,0.0,0.0,0.0,0.0,0.0,0.0,0.0
-0.7222849934299519,-0.15551107140708798,0.0,0.0,3.848725482467034,0.0,1.5942281617143221,0.0,0.0,0.0,-1.3635372789972788,0.0,0.0,3.8068166038200655,0.0,0.0,0.0,0.0,0.38704939726524207,0.0,0.0,0.0,0.0,0.0,0.0,0.0,0.0,0.0,0.0,0.0,0.0,0.0,0.0,0.0,0.0,0.0,0.0,0.0,0.0,0.0,-4.9140513803809505,0.0,0.0,0.0,0.0,0.0,0.0,0.0,0.0,0.0,0.0,-3.8154409075819022,-4.9140513803809505,0.0,0.0,-4.179810951501942,0.0,0.0,0.0,-0.8408142412120604,0.0,0.0,-2.028378989911316,0.0,0.0,0.0,0.0,-4.179810951501942,0.0,0.0,0.0,0.0,0.0,0.0,0.0,0.0,0.0,0.0,0.0,0.0,0.0,0.0,0.0,0.0,0.0,0.0,0.0,0.0,0.0,0.0,0.0,0.0,0.0,0.0,0.0,0.0,0.0,0.0,0.0,0.0,0.0,0.0,0.0,0.0,0.0,0.0,0.0,0.0
0.0,3.031578404975014,0.0,0.0,3.6534787754293583,0.0,1.2112455536550157,0.0,-0.6471032600585386,0.0,0.0,-2.840538709148517,0.0,3.8615761400868602,0.0,-1.3402504406184839,0.0,0.0,0.00677941772858588,0.0,0.0,0.0,0.0,0.0,0.0,0.0,-0.6471032600585386,0.0,0.0,0.0,0.0,0.0,0.0,0.0,0.0,0.0,0.0,0.0,0.0,0.0,0.0,0.0,0.0,0.0,0.0,0.0,0.0,0.0,0.0,0.0,0.0,-3.533685889708462,0.0,0.0,0.0,0.0,0.0,0.0,0.0,-2.1473923848383603,0.0,0.0,-2.4350747427069,0.0,0.0,0.0,0.0,0.0,0.0,0.0,0.0,0.0,0.0,0.0,0.0,0.0,0.0,0.0,0.0,0.0,0.0,0.0,0.0,0.0,0.0,0.0,0.0,0.0,0.0,0.0,0.0,0.0,0.0,0.0,0.0,0.0,0.0,0.0,0.0,0.0,0.0,0.0,0.0,0.0,0.0,0.0,0.0,0.0
0.0,0.0,0.0,-0.8329091429351042,3.7747579427528213,0.0,2.9848032032415808,0.0,-0.021978875607664625,0.0,0.0,0.0,0.0,3.390268309664764,0.0,-0.2732932892853966,0.0,0.0,1.541996622336242,0.0,0.0,0.0,0.0,0.0,0.0,0.0,0.0,0.0,0.0,0.0,0.0,0.0,0.0,0.0,0.0,0.0,0.0,0.0,0.0,0.0,0.0,0.0,0.0,0.0,0.0,0.0,0.0,0.0,0.0,0.0,0.0,0.0,0.0,0.0,0.0,0.0,0.0,0.0,0.0,-2.2192030440550914,0.0,0.0,0.0,0.0,0.0,0.0,0.0,0.0,0.0,0.0,0.0,0.0,0.0,0.0,0.0,0.0,0.0,0.0,0.0,0.0,0.0,0.0,0.0,0.0,0.0,0.0,0.0,0.0,0.0,0.0,0.0,0.0,0.0,0.0,0.0,0.0,0.0,0.0,0.0,0.0,0.0,0.0,0.0,0.0,0.0,0.0,0.0,0.0
1.1422792245024143,1.9312719457065757,0.0,-1.255615984477776,3.6513265555843226,0.0,3.8080519340454013,-1.255615984477776,0.0,0.0,-0.5624688039178306,0.0,0.0,1.9132087611313653,0.0,-0.5451495059899749,0.0,0.0,0.0,0.0,0.0,0.0,0.0,0.0,0.0,0.0,0.0,0.0,0.0,0.0,0.0,0.0,0.0,0.0,0.0,0.0,0.0,0.0,0.0,0.0,0.0,0.0,0.0,0.0,0.0,0.0,0.0,0.0,0.0,0.0,0.0,0.0,0.0,0.0,0.0,0.0,0.0,0.0,0.0,-3.4060732494089416,0.0,0.0,0.0,-4.504682523418273,0.0,0.0,0.0,0.0,0.0,0.0,0.0,0.0,0.0,0.0,0.0,0.0,0.0,0.0,0.0,0.0,0.0,0.0,0.0,0.0,0.0,0.0,0.0,0.0,0.0,0.0,0.0,0.0,0.0,0.0,0.0,0.0,0.0,0.0,0.0,0.0,0.0,0.0,0.0,0.0,0.0,0.0,0.0,0.0
-0.7419372947293785,2.302585092994046,0.0,0.0,3.849159921561372,0.0,1.5606477562646683,0.0,0.0,0.0,0.0,0.0,0.0,3.782078404568416,0.0,0.0,0.0,0.0,-0.12883284809296872,0.0,0.0,0.0,0.0,0.0,0.0,0.0,0.0,0.0,0.0,0.0,0.0,0.0,0.0,0.0,0.0,0.0,0.0,0.0,0.0,0.0,0.0,0.0,0.0,0.0,0.0,0.0,0.0,0.0,0.0,0.0,0.0,0.0,-0.15700369580966617,0.0,0.0,0.0,0.0,0.0,0.0,0.0,0.0,-0.8501509933696121,0.0,0.0,0.0,0.0,0.0,0.0,0.0,0.0,0.0,0.0,0.0,0.0,0.0,0.0,0.0,0.0,0.0,0.0,0.0,0.0,0.0,0.0,0.0,0.0,0.0,0.0,0.0,0.0,0.0,0.0,0.0,0.0,0.0,0.0,0.0,0.0,0.0,0.0,0.0,0.0,0.0,0.0,0.0,0.0,0.0,0.0
0.8096054947156849,0.015972901287426376,0.0,-3.217274607501229,3.9761972802360765,0.0,0.8327026016110433,0.0,0.0,0.0,0.0,0.1624228423815559,0.0,3.652127139855898,0.0,0.0,0.0,0.0,0.015972901287426376,0.0,0.0,0.0,0.0,0.0,0.0,0.0,0.0,0.0,0.0,0.0,-2.2343060762407667,0.0,0.0,0.0,0.0,0.0,0.0,0.0,0.0,0.0,0.0,0.0,0.0,0.0,0.0,0.0,0.0,0.0,0.0,0.0,0.0,0.0,0.0,0.0,-2.5241274269412837,0.0,0.0,0.0,0.0,-1.5739421571764927,0.0,-2.2343060762407667,0.0,0.0,0.0,0.0,0.0,0.0,0.0,0.0,0.0,0.0,0.0,0.0,0.0,0.0,0.0,0.0,0.0,0.0,0.0,0.0,0.0,0.0,0.0,0.0,0.0,0.0,0.0,0.0,0.0,0.0,0.0,0.0,0.0,0.0,0.0,0.0,0.0,0.0,0.0,0.0,0.0,0.0,0.0,0.0,0.0,0.0
0.7645278190609368,1.4042320642510024,0.0,-0.09984530796971645,3.8801687232172015,0.0,1.2864490255251744,0.0,-0.7929924885296618,0.0,0.0,-0.16517468819923586,0.0,3.817499453850696,0.0,-0.9282193457394298,0.0,0.0,-0.23507216517948443,0.0,0.0,0.0,0.0,0.0,0.0,0.0,0.0,0.0,0.0,0.0,0.0,0.0,0.0,0.0,0.0,0.0,0.0,0.0,0.0,0.0,0.0,0.0,0.0,0.0,0.0,0.0,0.0,0.0,0.0,0.0,0.0,0.0,0.0,0.0,0.0,0.0,0.0,0.0,0.0,0.0,0.0,0.0,0.0,0.0,0.0,0.0,0.0,0.0,0.0,0.0,0.0,0.0,0.0,0.0,0.0,0.0,0.0,0.0,0.0,0.0,0.0,0.0,0.0,0.0,0.0,0.0,0.0,0.0,0.0,0.0,0.0,0.0,0.0,0.0,0.0,0.0,0.0,0.0,0.0,0.0,0.0,0.0,0.0,0.0,0.0,0.0,0.0,0.0
0.0,0.0,0.0,0.0,4.244580168856385,0.0,-1.359519624971049,0.0,0.0,0.0,0.0,0.0,0.0,0.39257971349968185,0.0,0.0,0.0,0.0,-1.359519624971049,0.0,0.0,0.0,0.0,0.0,0.0,0.0,0.0,0.0,0.0,0.0,0.0,0.0,0.0,0.0,0.0,0.0,0.0,0.0,0.0,0.0,0.0,0.0,0.0,0.0,0.0,0.0,0.0,0.0,0.0,0.0,0.0,0.0,0.0,0.0,0.0,0.0,0.0,0.0,0.0,0.0,0.0,0.0,-3.073155581518968,0.0,0.0,0.0,0.0,0.0,0.0,0.0,0.0,0.0,0.0,0.0,0.0,0.0,0.0,0.0,0.0,0.0,0.0,0.0,0.0,0.0,0.0,0.0,0.0,0.0,0.0,0.0,0.0,0.0,0.0,0.0,0.0,0.0,0.0,0.0,0.0,0.0,0.0,0.0,0.0,0.0,0.0,0.0,0.0,0.0
-0.35300155623909024,0.6278277145643028,0.0,0.0,4.335283553923721,0.0,2.825052291900522,0.0,0.0,0.0,0.0,0.0,0.0,1.2564363846616768,0.0,0.0,0.0,0.0,-0.35300155623909024,0.0,0.0,0.0,0.0,0.0,0.0,0.0,0.0,0.0,0.0,0.0,0.0,0.0,0.0,0.0,0.0,0.0,0.0,0.0,0.0,0.0,0.0,0.0,0.0,0.0,0.0,0.0,0.0,0.0,0.0,0.0,0.0,0.0,0.0,0.0,0.0,0.0,0.0,0.0,0.0,0.0,0.0,0.0,0.0,0.0,0.0,0.0,0.0,0.0,0.0,0.0,0.0,0.0,0.0,0.0,0.0,0.0,0.0,0.0,0.0,0.0,0.0,0.0,0.0,0.0,0.0,0.0,0.0,0.0,0.0,0.0,0.0,0.0,0.0,0.0,0.0,0.0,0.0,0.0,0.0,0.0,0.0,0.0,0.0,0.0,0.0,0.0,0.0,0.0
1.486695797092886,2.3657919403475405,0.0,0.0,3.9794247180930444,0.0,2.4055890361147045,0.0,0.0,-0.756121911721336,0.0,-1.8547344133894539,0.0,2.586589383188039,0.0,-0.4426211741129788,0.0,2.481276878464694,0.0,0.0,0.0,0.0,0.0,0.0,0.0,0.0,0.0,0.0,0.0,0.0,0.0,0.0,0.0,0.0,0.0,0.0,0.0,-1.3029128641808458,0.0,0.0,0.0,0.0,0.0,0.0,0.0,0.0,0.0,0.0,0.0,0.0,0.0,0.0,0.0,0.0,0.0,0.0,0.0,0.0,0.0,0.0,0.0,0.0,0.0,0.0,0.0,0.0,0.0,0.0,0.0,0.0,0.0,0.0,0.0,0.0,0.0,0.0,0.0,0.0,0.0,0.0,0.0,0.0,0.0,0.0,0.0,0.0,0.0,0.0,0.0,0.0,0.0,0.0,0.0,0.0,0.0,0.0,0.0,0.0,0.0,0.0,0.0,0.0,0.0,0.0,0.0,0.0,0.0,0.0
0.0,0.0,0.0,0.0,2.704380469198542,0.0,3.7680764958512714,0.0,0.0,0.0,0.0,-0.4165148826280846,0.0,3.5537769679680644,0.0,-1.515127322962863,0.0,1.4806050415911318,0.09431068047124129,0.0,0.0,0.0,0.0,0.0,0.0,0.0,-1.515127322962863,0.0,0.0,0.0,0.0,0.0,0.0,-1.515127322962863,0.0,0.0,0.0,0.0,0.0,0.0,0.0,0.0,0.0,0.0,0.0,0.0,0.0,0.0,0.0,0.0,0.0,0.0,0.0,0.0,0.0,0.0,0.0,0.0,0.0,0.0,0.0,0.0,0.0,0.0,0.0,0.0,0.0,0.0,0.0,0.0,0.0,0.0,0.0,0.0,0.0,0.0,0.0,0.0,0.0,0.0,0.0,0.0,0.0,0.0,0.0,0.0,0.0,0.0,0.0,0.0,0.0,0.0,0.0,0.0,0.0,0.0,0.0,0.0,0.0,0.0,0.0,0.0,0.0,0.0,0.0,0.0,0.0,0.0
1.6360106102147305,1.214896290222967,0.0,-1.4831185264220974,3.0295610363306245,0.0,4.11405489767782,0.0,0.0,0.0,-0.7899713458621521,0.0,0.12631938601200304,2.0054654531367806,0.0,0.0,0.0,0.0,0.0,0.0,0.0,0.0,-0.2231435513142097,0.0,0.0,0.0,0.47000362924573563,0.0,0.0,0.0,0.0,0.0,0.0,0.0,0.0,0.0,0.0,0.0,0.0,0.0,0.0,0.0,0.0,0.0,0.0,0.0,0.0,0.0,-2.581730374423646,0.0,0.0,0.0,0.0,0.0,0.0,0.0,0.0,0.0,0.0,0.0,0.0,0.0,0.0,0.0,-2.581730374423646,0.0,0.0,0.0,0.0,0.0,0.0,0.0,0.0,0.0,0.0,0.0,0.0,0.0,0.0,0.0,0.0,0.0,0.0,0.0,0.0,0.0,0.0,0.0,0.0,0.0,0.0,0.0,0.0,0.0,0.0,0.0,0.0,0.0,0.0,0.0,0.0,0.0,0.0,0.0,0.0,0.0,0.0,0.0
1.3894766049069298,1.2866022496608527,0.0,0.0,4.190798253119847,0.0,2.7979269617340963,0.0,0.0,0.0,0.0,0.0,0.0,2.735245941666798,0.0,-0.47623419899637176,0.0,0.0,1.3155252970650166,0.0,0.0,0.0,0.0,0.0,0.0,0.0,0.0,0.0,0.0,0.0,0.0,0.0,0.0,0.0,0.0,0.0,0.0,0.0,0.0,0.0,0.0,0.0,0.0,0.0,0.0,0.0,0.0,0.0,0.0,0.0,0.0,0.0,0.0,0.0,0.0,0.0,0.0,0.0,0.0,0.0,0.0,0.0,0.0,0.0,0.0,0.0,0.0,0.0,0.0,0.0,0.0,0.0,0.0,0.0,0.0,0.0,0.0,0.0,0.0,0.0,0.0,0.0,0.0,0.0,0.0,0.0,0.0,0.0,0.0,0.0,0.0,0.0,0.0,0.0,0.0,0.0,0.0,0.0,0.0,0.0,0.0,0.0,0.0,0.0,0.0,0.0,0.0,0.0
1.9715126681127018,0.972530450509531,0.0,0.0,3.875838775250711,0.0,-0.8666220251648319,0.5447267514415822,0.0,-1.0647112769925742,0.17018373220331354,0.0,0.0,3.657691165192287,0.0,-0.866673290944905,0.0,0.0,0.3650465044371016,0.0,0.0,0.0,0.0,0.0,0.0,0.0,0.0,0.0,0.0,0.0,0.0,0.0,0.0,0.0,0.0,0.0,0.0,0.0,0.0,0.0,0.0,0.0,0.0,0.0,0.0,0.0,0.0,0.0,0.0,0.0,0.0,0.0,0.0,0.0,0.0,0.0,0.0,0.0,0.0,0.0,0.0,0.0,0.0,0.0,0.0,0.0,0.0,0.0,0.0,0.0,0.0,0.0,0.0,0.0,0.0,0.0,0.0,0.0,0.0,0.0,0.0,0.0,0.0,0.0,0.0,0.0,0.0,0.0,0.0,0.0,0.0,0.0,0.0,0.0,0.0,0.0,0.0,0.0,0.0,0.0,0.0,0.0,0.0,0.0,0.0,0.0,0.0,0.0
0.48077964017088015,1.702736461173795,0.0,0.242071600199728,3.4441402679007007,0.0,2.004819465281786,0.0,0.0,0.0,0.0,0.0,0.0,3.734112834945964,0.0,0.0,0.0,0.0,2.456575185642159,0.0,0.0,0.0,0.0,0.0,0.0,0.0,0.0,0.0,0.0,0.0,0.0,0.0,0.0,0.0,0.0,0.0,0.0,0.0,0.0,0.0,0.0,0.0,0.0,0.0,0.0,0.0,0.0,0.0,0.0,0.0,0.0,0.0,0.0,0.0,0.0,0.0,0.0,0.0,0.0,0.0,0.0,0.0,0.0,0.0,0.0,0.0,0.0,0.0,0.0,0.0,0.0,0.0,0.0,0.0,0.0,0.0,0.0,0.0,0.0,0.0,0.0,0.0,0.0,0.0,0.0,0.0,0.0,0.0,0.0,0.0,0.0,0.0,0.0,0.0,0.0,0.0,0.0,0.0,0.0,0.0,0.0,0.0,0.0,0.0,0.0,0.0,0.0,0.0
0.0,0.0,0.0,0.0,0.6348782974359692,0.0,0.0,0.0,0.6348782974359692,0.0,0.6348782974359692,3.544415995034368,0.0,1.9377299609318082,0.8096809918158968,0.0,0.0,2.180526447430668,2.02117263205586,0.0,0.0,0.0,0.0,0.0,0.0,0.0,0.4089217935479619,0.0,0.0,0.0,0.0,0.0,0.0,0.0,0.0,0.0,0.0,0.0,0.0,0.0,0.0,0.0,0.0,0.0,0.0,0.0,0.0,0.0,0.0,1.7334905684374127,0.0,0.0,0.0,0.0,0.0,0.0,0.0,0.0,0.0,3.38222120925803,0.0,0.0,0.0,0.0,0.8096809918158968,0.0,0.0,0.0,0.0,0.0,0.0,0.0,1.940778741588921,0.0,0.0,0.0,0.0,0.0,0.0,0.0,0.0,0.0,0.0,0.0,0.0,0.0,0.0,0.0,0.0,0.0,0.0,0.0,0.0,0.0,0.0,0.0,0.0,0.0,0.0,0.0,0.0,0.0,0.0,0.0,0.0,0.0,0.0,0.0
0.3710637073908317,2.8421208220669962,0.0,0.0,3.332978096594344,0.0,1.4712927843100796,0.0,-0.029558788241544492,0.0,0.0,1.356735547128346,0.0,3.511190459415372,0.0,0.0,0.0,0.980723716192912,2.6784913991273323,0.0,0.0,0.0,0.0,0.0,0.0,0.0,0.6635883923184008,0.0,0.0,0.0,0.0,0.0,0.0,-0.029558788241544492,0.0,0.0,0.0,0.0,0.0,0.0,0.0,0.0,0.0,0.0,0.0,0.6635883923184008,0.0,0.0,0.0,0.0,0.0,0.0,0.0,0.0,0.0,0.0,0.0,0.0,0.0,0.0,0.0,0.0,0.0,0.0,0.0,0.0,0.0,0.0,0.0,0.0,0.0,0.0,0.0,0.0,0.0,0.0,0.0,0.0,0.0,0.0,0.0,0.0,-0.029558788241544492,0.0,0.0,0.0,0.0,0.0,0.0,0.0,0.0,0.0,0.0,0.0,0.0,-0.029558788241544492,0.0,0.0,0.0,0.0,0.0,0.0,0.0,0.0,0.0,-0.029558788241544492,0.0,0.0
0.0,0.0,0.0,0.0,-0.36464317758791137,0.0,0.5280586878545902,0.0,0.5280586878545902,0.0,0.0,2.831020597626324,0.0,3.5015607694479938,0.0,0.0,0.0,3.756088469976101,0.6943393945902837,0.0,0.0,0.0,0.0,0.0,0.0,0.0,-0.36464317758791137,0.0,0.0,0.0,0.0,0.0,0.0,0.0,0.0,0.0,0.0,0.0,0.0,0.0,0.0,0.0,0.0,0.0,0.0,0.0,0.0,0.0,0.0,0.0,0.0,0.0,0.0,0.0,0.0,0.0,0.0,0.0,0.0,-0.36464317758791137,0.0,-0.36464317758791137,0.0,0.0,0.0,0.0,0.0,0.0,0.0,0.0,0.0,0.0,0.0,0.0,0.0,0.0,0.0,0.0,0.0,0.0,0.0,0.0,0.0,0.0,0.0,0.0,0.0,0.0,0.0,0.0,0.0,0.0,0.0,0.0,0.0,0.0,0.0,0.0,0.0,0.0,0.0,0.0,0.0,0.0,0.0,0.0,0.0,-0.48858006781867236
2.0402208295265547,0.0,0.0,0.0,2.7641396667835565,0.0,1.4868355851243766,0.0,1.735731633690596,0.0,0.0,1.8478489364851591,0.0,3.0147804692794025,0.0,0.0,0.0,0.9162907318741551,2.4456859333013856,0.0,0.0,0.0,0.0,0.0,0.0,0.0,0.9162907318741551,0.0,0.0,0.0,0.0,0.0,0.0,0.0,0.0,0.0,0.0,0.0,0.0,0.0,0.0,0.0,0.0,0.0,0.0,1.3470736359666093,0.0,0.0,0.0,0.0,0.0,0.0,0.0,0.0,0.0,0.0,0.0,2.0402208295265547,0.0,0.0,0.0,0.0,0.0,0.0,0.0,0.0,0.0,0.0,0.0,0.0,0.0,0.0,0.0,0.0,0.0,0.0,0.0,0.0,0.0,0.0,0.0,0.0,0.0,0.0,0.0,0.0,0.0,0.0,0.0,0.0,0.0,0.0,0.0,0.0,0.0,0.0,0.0,0.0,0.0,0.0,1.3470736359666093,0.0,0.0,0.0,0.0,0.0,0.0,0.0
0.0,0.0,0.0,0.0,-1.4109740137942421,0.0,0.09588174370328215,0.0,-1.13158408304692,0.0,0.0,-0.09975111115891885,0.0,4.199827867590962,0.0,0.0,0.0,0.0,1.1956739942612409,0.0,0.0,0.0,0.0,0.0,0.0,0.0,0.0,0.0,0.0,0.0,0.0,0.0,0.0,0.0,0.0,0.0,0.0,0.0,0.0,0.0,0.0,0.0,0.0,0.0,0.0,0.0,0.0,0.0,0.0,0.0,0.0,-2.4932057926027533,0.0,0.0,0.0,0.0,0.0,0.0,0.0,-0.8837676381685998,0.0,0.0,0.0,0.0,0.0,0.0,0.0,0.0,0.0,0.0,0.0,0.0,0.0,0.0,0.0,0.0,0.0,0.0,0.0,0.0,0.0,0.0,0.0,0.0,0.0,0.0,0.0,0.0,0.0,0.0,0.0,0.0,0.0,0.0,0.0,0.0,0.0,0.0,0.0,0.0,0.0,0.0,0.0,0.0,0.0,0.0,0.0,0.0
0.0,0.0,0.0,0.0,0.0,0.0,0.0,0.0,0.0,0.0,0.0,1.7719568434318753,0.0,1.366491726823711,0.0,0.0,0.0,3.158251202426766,2.8134107157600363,0.0,0.0,0.0,0.0,0.0,0.0,0.0,0.6733445462637656,0.0,0.0,0.0,0.0,0.0,0.0,0.0,0.0,0.0,0.0,0.0,0.0,0.0,0.0,0.0,0.0,0.0,0.0,0.0,0.0,0.0,0.0,0.0,0.0,0.0,0.0,0.0,0.0,0.0,0.0,0.0,0.0,0.0,0.0,0.0,0.0,0.0,0.6733445462637656,0.0,0.0,0.0,0.0,0.0,0.0,0.0,0.0,0.0,0.0,0.0,0.0,0.0,0.0,0.0,0.0,0.0,0.0,0.0,0.0,0.0,0.0,0.0,0.0,0.0,0.0,0.0,0.0,0.0,0.0,0.0,0.0,0.0,0.0,0.0,0.0,0.0,0.0,0.0,0.0,0.0,0.0,0.0
0.0,2.3715779631476637,0.0,0.0,4.427599232189701,0.0,1.2729656838128873,0.0,0.0,0.0,0.0,1.2729656838128873,0.0,1.2729656838128873,0.0,0.0,0.0,2.407945607651872,0.0,0.0,0.0,0.0,0.0,0.0,0.0,0.0,0.0,0.0,0.0,0.0,0.0,0.0,0.0,0.0,0.0,0.0,0.0,0.0,0.0,0.0,0.0,0.0,0.0,0.0,0.0,0.0,0.0,0.0,0.0,0.0,0.0,0.0,0.0,0.0,0.0,0.0,0.0,0.0,0.0,0.0,0.0,0.0,0.0,0.0,0.0,0.0,0.0,0.0,0.0,0.0,0.0,0.0,0.0,0.0,0.0,0.0,0.0,0.0,0.0,0.0,0.0,0.0,0.0,0.0,0.0,0.0,0.0,0.0,0.0,0.0,0.0,0.0,0.0,0.0,0.0,0.0,0.0,0.0,0.0,0.0,0.0,0.0,0.0,0.0,0.0,0.0,0.0,0.0
0.0,1.6262450380838147,0.0,0.0,3.7407778921151507,0.0,2.473542892851971,0.0,0.0,0.0,0.0,0.5276327690823717,0.0,1.9403603559747657,0.0,0.0,0.0,3.8598372518647186,3.575550768406933,0.0,0.0,0.0,0.0,0.0,0.0,0.0,0.0,0.0,0.0,0.0,0.0,0.0,0.0,0.0,0.0,0.0,0.0,0.0,0.0,0.0,0.0,0.0,0.0,0.0,0.0,0.0,0.0,0.0,0.0,0.0,0.0,0.0,0.0,0.0,0.0,0.0,0.0,0.0,0.0,0.0,0.0,0.0,0.0,0.0,0.0,0.0,0.0,0.0,0.0,0.0,0.0,0.0,0.0,0.0,0.0,0.0,0.0,0.0,0.0,0.0,0.0,0.0,0.0,0.0,0.0,0.0,0.0,0.0,0.0,0.0,0.0,0.0,0.0,0.0,0.0,0.0,0.0,0.0,0.0,0.0,0.0,0.0,0.0,0.0,0.0,0.0,0.0,0.0
0.0,0.0,0.0,0.0,0.9162907318741551,0.0,0.0,0.0,0.0,0.9162907318741551,0.0,0.9162907318741551,0.0,0.0,0.0,0.0,0.0,0.0,3.056356895370426,0.0,0.0,0.0,0.0,0.0,0.0,0.0,0.0,0.0,0.0,0.0,0.0,0.0,0.0,0.0,0.9162907318741551,0.0,0.0,0.0,0.0,0.0,0.0,0.0,0.0,0.0,0.0,0.0,0.0,0.0,0.0,0.0,0.0,0.0,0.0,0.0,0.0,0.0,0.0,0.0,0.0,0.0,0.0,0.0,0.0,0.0,0.0,0.0,0.0,0.0,0.0,0.0,0.0,0.0,0.0,0.0,0.0,0.0,0.0,0.0,0.0,0.0,0.0,0.0,0.0,0.0,0.0,0.0,0.0,0.0,0.0,0.0,0.0,0.0,0.0,0.0,0.0,0.0,0.0,0.0,0.0,0.0,0.0,0.0,0.0,0.0,0.0,0.0,0.0,0.0
-0.23901686847050052,0.0,0.0,0.0,-0.05695746344359671,0.0,1.3704210185636005,0.0,-0.23901686847050052,0.0,0.0,0.23088844207025577,0.0,1.9690674303173963,0.0,0.0,0.0,0.0,4.175523727728889,0.0,0.0,0.0,0.0,0.0,0.0,0.0,0.0,0.0,0.0,0.0,0.0,0.0,0.0,0.0,0.0,0.0,0.0,0.0,0.0,0.0,0.0,0.0,0.0,0.0,0.0,0.0,0.0,0.0,0.0,0.4541302485894449,0.0,0.0,0.0,0.0,0.0,0.0,0.0,-1.850028405352031,0.0,-1.1568812247920859,0.0,0.0,0.0,0.0,-0.23901686847050052,0.0,0.0,0.0,0.0,0.0,0.0,0.0,0.0,0.0,0.0,0.0,0.0,0.0,0.0,0.0,-0.23901686847050052,0.0,0.0,0.0,0.0,0.0,0.0,0.0,0.0,-0.23901686847050052,0.0,0.0,0.0,0.0,0.0,0.0,0.0,0.0,0.0,0.0,0.0,0.0,0.0,0.0,0.0,0.0,0.0,0.0
-0.7716502740478893,0.0,0.0,0.0,2.848236343346953,0.0,0.0,0.0,-1.8702625627159992,0.0,0.0,3.113344090108776,0.0,1.53093484057949,0.0,0.0,0.0,0.0,-0.07850309348794406,0.0,0.0,0.0,0.0,0.0,-1.8702625627159992,0.0,0.0,0.0,0.0,0.0,0.0,0.0,0.0,-1.8702625627159992,0.0,0.0,0.0,0.0,0.0,0.0,0.0,0.0,0.0,0.0,0.0,0.0,0.0,0.0,-1.1771153821560538,0.0,0.0,0.0,0.2091789789638368,0.0,0.0,0.0,0.0,0.0,0.0,3.8533225710501076,0.0,0.0,0.0,-1.8702625627159992,0.2091789789638368,0.0,0.0,0.0,0.0,0.0,0.0,-0.4839682015961085,0.0,0.0,0.0,0.0,-1.1771153821560538,0.0,0.0,0.0,0.0,0.0,0.0,0.0,0.0,0.0,0.0,0.0,0.0,0.0,0.0,0.0,0.0,0.0,0.0,0.0,0.0,0.0,0.0,0.0,0.7687948132564026,-0.4839682015961085,0.0,0.0,0.0,0.0,0.0,0.0
0.9753237630760572,0.0,0.0,0.0,1.8154229996494309,0.0,0.0,0.0,-1.4060971484160831,0.0,0.0,3.408328491418345,-0.6732689678851183,1.4145785163925797,0.0,0.0,0.0,0.0,-1.591273881806431,0.0,0.0,0.0,0.0,0.0,0.0,-1.1858087736982665,-2.0992443289760283,0.0,-0.33851091331106303,0.0,0.0,0.0,0.0,-1.5416671207158639,0.0,-2.0992443289760283,0.0,0.0,0.0,-1.591273881806431,0.0,0.0,0.0,0.0,-1.8133457863535436,0.0,0.0,-2.284421062366376,0.48816759849840674,0.0,0.0,-0.8981267012464856,0.0,0.0,0.0,-2.284421062366376,0.0,0.0,0.0,3.939066552892098,0.0,0.0,0.0,0.0,-0.307484723747961,-1.1858087736982665,0.0,0.0,0.0,0.0,0.0,0.14979406067141704,0.0,0.0,0.0,0.0,0.0,0.0,0.0,0.0,0.0,0.0,0.0,0.0,-2.0992443289760283,0.0,0.0,0.0,0.0,0.0,0.0,0.0,0.0,0.0,0.0,-1.591273881806431,0.0,0.0,0.0,0.0,-0.44169516174505086,0.0,0.0,0.0,0.0,0.0,-2.284421062366376,0.0
2.1037342328488804,0.0,0.0,0.0,2.037766123201095,0.0,0.0,0.0,0.4942963448147799,0.0,0.0,4.006374667819576,0.0,2.4402064677272364,0.0,0.0,0.0,0.0,0.0,0.0,0.0,0.0,0.0,0.0,0.0,0.0,0.4942963448147799,0.0,-0.8064758018669507,0.0,0.0,0.0,0.0,0.0,0.0,0.0,0.0,0.0,-0.8064758018669507,0.4942963448147799,0.0,0.0,0.0,0.0,1.1874434948747254,0.0,0.0,0.2359418624228371,0.0,0.0,0.0,0.0,0.0,0.0,0.0,0.0,0.0,0.0,0.0,3.3982167540016297,-0.11332873330700438,0.0,0.0,0.0,-0.11332873330700438,0.0,0.0,0.0,0.0,0.0,0.0,0.2921364121344945,0.0,0.0,0.0,0.0,0.0,0.0,0.0,0.2359418624228371,0.0,0.0,0.0,0.0,0.0,0.0,0.0,0.0,0.4942963448147799,0.0,-0.8064758018669507,0.0,0.0,0.0,0.0,0.0,0.0,0.0,0.0,0.0,0.2359418624228371,0.0,0.0,0.0,1.1874434948747254,0.0,0.0,0.0
0.0,-0.7747271525523682,0.0,1.171182996502945,1.8994214819086432,1.171182996502945,0.0,0.0,1.171182996502945,0.0,0.0,3.319617395203066,1.1348153442950333,1.2062743088314565,0.0,0.0,0.0,0.0,0.3238851361157414,0.0,0.0,0.0,0.0,0.0,0.0,0.0,0.9744726739525431,0.47803578494299975,1.8643301615628904,0.0,0.0,0.0,0.0,0.0,0.0,0.0,0.0,0.0,0.0,0.0,0.0,0.0,0.0,0.0,0.47803578494299975,0.0,0.0,0.0,0.0,1.171182996502945,0.0,0.7293502442239058,0.0,1.2062742938659394,0.0,0.0,0.0,0.0,0.0,2.8087917708342975,2.25781908105205,0.0,0.0,0.0,1.171182996502945,0.0,0.0,0.0,0.0,0.0,0.0,1.7510014830758873,0.0,0.0,0.0,0.47803578494299975,0.0,0.0,0.0,-0.7747271525523682,0.0,0.0,0.0,0.0,0.0,0.0,0.0,0.0,0.0,0.0,0.0,0.0,0.0,0.0,0.0,0.0,1.5278579187416774,0.0,0.0,0.0,-0.08157997199242298,0.0,0.0,0.0,0.0,0.0,0.0,0.0
0.0,0.0,0.0,0.1508228917345836,0.0,0.0,0.0,0.0,0.556287999842748,0.0,0.0,0.0,0.0,0.0,0.0,0.0,0.0,0.0,0.0,0.0,0.0,0.0,0.0,0.0,0.0,3.6771834138213335,0.1508228917345836,0.0,0.0,1.9425823609626387,0.0,0.0,0.0,0.0,0.0,0.0,0.0,0.0,0.0,0.1508228917345836,0.0,0.0,0.0,0.0,0.1508228917345836,0.0,0.0,0.0,0.0,0.0,0.0,0.0,0.0,3.0411946496307483,0.0,0.0,0.1508228917345836,0.0,0.0,2.858873092836794,0.0,0.0,0.0,0.0,0.0,0.0,0.0,0.0,0.0,0.0,0.0,0.0,0.0,0.0,0.0,0.0,0.0,0.0,0.0,0.0,0.0,0.0,0.0,0.0,0.0,0.0,0.0,0.0,0.0,0.0,0.0,0.0,0.0,0.0,0.0,0.0,1.5371172528544743,0.0,0.0,0.0,0.0,0.1508228917345836,0.0,0.0,0.0,0.0,0.0,0.0
0.0,0.0,0.0,0.0,-0.16299792655149042,-0.021504830221908865,0.0,0.0,-0.1455423216239915,-1.2441547259587764,0.0,1.9547972840815364,-0.1988508967451659,-1.2441547259587764,0.0,0.0,0.0,-0.1988508967451659,-1.2441547259587764,0.0,1.0584305058352779,0.0,0.0,0.0,0.0,-0.3383006471454458,0.31197475142082554,0.0,-1.2441547259587764,-0.6043159438533299,0.0,0.0,-0.6043159438533299,0.0,0.0,0.0,0.0,0.0,0.0,2.8189934423079412,0.0,0.14213980866112189,0.0,0.0,1.9677021198243918,0.0,0.0,1.3253032870117656,0.0,0.0,0.0,-0.03690846446188224,0.0,0.4942963448147799,0.0,0.0,0.0,0.0,0.0,1.4429119537424049,0.0,0.0,0.0,0.0,-1.2441547259587764,0.0,-1.2441547259587764,0.0,0.0,0.0,0.0,3.7036553435059085,0.0,0.0,0.0,0.0,0.0,0.0,0.0,-0.6043159438533299,0.0,0.0,0.0,0.0,0.0,0.0,0.0,0.0,0.0,0.0,0.0,-1.2441547259587764,0.0,0.0,-1.2441547259587764,0.0,-0.3702809443311666,0.0,0.0,0.0,-1.2441547259587764,-0.6043159438533299,0.0,-1.2974633074132877,2.190273200178308,0.0,0.0,0.0
0.0,0.0,0.0,0.0,0.0,0.0,0.0,0.0,-0.26236422446749186,0.0,0.0,2.778182025513743,0.0,1.5293952014272305,0.0,1.1239301041523997,0.0,0.0,0.0,0.0,0.0,0.0,0.0,0.0,0.0,0.0,0.8903152512603679,0.0,0.43078289109245405,0.0,0.0,0.0,0.0,0.6539264554066639,0.0,0.0,0.0,0.0,0.0,2.3766930633620533,0.0,0.43078289109245405,0.0,0.0,2.604587221021523,0.0,-0.26236422446749186,1.6835458781592507,0.0,0.0,0.0,0.0,0.0,0.0,0.0,0.0,0.0,0.0,0.0,2.1580038637384935,0.0,0.0,0.0,0.0,0.0,0.0,0.0,0.0,0.0,0.0,0.0,3.3641964248924197,-0.44468588526144776,0.0,0.0,0.0,0.0,0.0,0.24846137329849954,0.025317831734289538,0.0,0.0,0.0,-0.26236422446749186,0.0,0.24846137329849954,0.0,0.0,0.0,0.0,0.0,0.0,0.0,-0.26236422446749186,0.0,-0.26236422446749186,0.0,0.0,0.0,0.0,0.9416085538584449,0.0,0.0,0.0,0.7184649879192353,0.0,0.0,0.0
0.0,0.0,0.0,0.0,-0.02761521423297456,0.0,0.0,0.0,-0.9439057919071342,0.0,0.0,3.0450781499534423,0.0,0.0,0.0,0.0,0.0,0.0,0.6655320177269719,0.0,0.0,0.0,0.0,0.0,0.0,0.0,0.0,0.0,0.0,0.0,0.0,0.0,0.0,-0.5384407694656309,0.0,0.0,0.0,0.0,0.0,0.0,0.0,0.0,0.0,0.0,0.0,0.0,0.0,0.0,0.0,0.0,0.0,-0.9439057919071342,0.0,0.0,0.0,2.4900813048038244,0.0,0.0,0.0,4.001301589859555,0.0,0.0,-0.9439057919071342,0.0,-0.9439057919071342,0.0,0.0,0.0,0.0,0.0,0.0,0.0,-1.637053229467085,0.0,0.0,0.0,0.0,0.0,0.0,0.0,0.0,0.0,0.0,0.0,0.0,0.0,1.7641443063950817,0.0,0.0,0.0,0.0,0.0,0.0,0.0,0.0,0.0,0.0,0.0,-1.637053229467085,0.0,-0.02761521423297456,0.0,0.0,0.0,0.0,0.0,0.0,0.0
0.0,0.0,0.0,0.0,1.0130081392509611,0.0,0.4847760096153365,0.0,0.050032059364931346,-0.9062404060206536,0.0,2.3889587929608926,0.0,0.8349200344791365,0.0,0.0,0.0,0.0,2.329565316274993,-1.5993875865805989,0.0,0.0,0.0,0.0,0.0,-0.23176914501923188,0.0,0.0,0.0,-1.5993875865805989,0.0,0.0,0.0,0.0,0.0,0.0,-1.7595808008638463,0.0,0.0,0.0,0.0,0.0,0.0,0.0,-1.7595808008638463,0.0,0.0,0.0,0.0,0.0,0.0,-0.7441303125265172,0.0,-0.035372028849223115,0.0,2.1470948279897417,0.0,0.0,0.0,3.947975917823972,-0.21309322546070833,0.0,0.0,0.0,0.42294615372896194,1.331461890176314,0.0,0.0,0.0,0.0,0.0,0.5430045245302259,-1.7595808008638463,0.0,-1.5993875865805989,0.0,0.0,0.0,0.0,0.0,0.0,0.0,0.0,0.0,0.0,0.0,0.0,0.0,0.0,0.0,0.0,0.0,0.0,0.0,0.0,-1.6762798844789104,-0.5007752979124894,0.0,-0.5257548454176152,0.0,0.9979329657771251,0.0,0.0,-0.6609683185290443,-0.3732861492439311,0.0,0.0,0.0
-0.2851789412336625,0.0,-0.8579550806945276,0.0,2.3607076130453195,1.4389433679888441,0.0,0.0,2.353878388381596,0.0,-0.9783262547936165,2.85762449092692,-0.2851789412336625,2.240549697754593,0.0,-0.2851789412336625,0.0,0.0,3.4084902588685795,0.0,0.0,0.0,0.0,0.0,0.0,0.0,-0.9783262547936165,0.0,0.0,-1.9565671335293495,0.0,-0.9783262547936165,0.0,0.0,0.0,0.0,0.0,0.0,0.0,-0.8579550806945276,0.0,0.0,0.0,0.0,-0.38174435786695543,0.0,0.0,-0.7038045693196521,0.0,1.3242589712004382,-0.7038045693196521,0.0,-0.9783262547936165,0.41737612282460007,0.0,1.5866232254371597,-1.5511024970878167,0.0,0.0,2.3282239894239227,-0.3471295040952014,0.0,-0.2851789412336625,0.0,1.2781595283786455,0.0,0.0,0.0,0.0,0.0,0.0,0.7938674268007982,-0.9783262547936165,0.0,0.0,0.0,0.0,0.0,0.0,0.0,0.0,0.0,0.0,0.0,0.0,0.0,0.0,0.0,0.0,0.0,0.0,0.0,0.0,0.0,0.0,-1.5511024970878167,-1.5511024970878167,0.0,0.12028612254116769,0.0,-1.499214042080576,0.0,-2.649714314089295,0.0,-1.9565671335293495,0.0,0.0,0.0
0.0,0.4521636896174043,0.0,0.0,0.0,1.410285630265459,0.0,0.0,2.3683364751931895,0.0,0.0,2.722310859495394,2.6784913991273323,0.0,0.0,0.0,0.0,0.0,1.7144168713083945,0.0,0.0,0.0,0.0,0.0,0.0,-0.029558788241544492,0.0,0.0,-0.029558788241544492,-0.9341306715024863,0.0,0.0,0.0,0.0,0.0,0.0,0.0,0.0,0.0,-0.9341306715024863,0.0,0.0,0.0,-0.9341306715024863,0.0,0.0,0.0,0.0,0.0,1.1672172338102542,0.0,0.8576288401422353,0.0,2.522385088851308,0.0,1.762200663819844,-1.6272775975624585,0.0,0.0,2.723438468714708,-0.5286654785609903,0.0,0.0,0.0,1.8764118820204014,0.0,0.0,0.0,0.0,0.0,0.0,2.4651230935599666,0.0,0.0,0.0,0.0,0.0,0.0,0.0,0.0,0.0,0.0,0.0,0.0,0.0,0.0,0.0,0.0,0.0,0.0,0.0,0.0,0.0,0.0,0.0,0.0,2.1793846546745548,-1.6272775975624585,0.0,0.0,0.4521636896174043,0.0,0.5699467535515658,0.0,-0.5286654785609903,0.0,0.0,0.0
-0.9555114050274371,1.1535965945508693,0.0,0.0,-0.5301712155188273,2.1118041099361404,0.0,0.0,0.7000718247750037,0.0,0.0,2.434530443518489,0.0,0.0,0.0,0.0,0.0,4.460588956732539,1.443031944061826,0.0,0.0,0.0,0.0,-0.9555114050274371,0.0,0.0,0.0,0.0,0.0,0.0,0.0,0.0,-0.7435234218850126,0.0,0.0,0.0,0.0,0.0,0.0,0.0,0.0,0.0,0.0,0.0,0.0,0.0,0.0,0.0,0.0,0.0,0.0,-1.148988529993177,0.0,2.965284377860974,0.0,-0.9555114050274371,0.6427709918182117,0.0,-1.8421357105531224,1.280822089217568,0.0,0.0,0.0,0.0,1.3359181460864904,0.0,0.0,0.0,0.0,0.0,0.0,1.711122297395708,0.0,-1.8421357105531224,0.0,0.0,0.0,0.0,0.0,0.0,0.0,0.0,0.0,0.0,0.0,0.0,0.0,-1.8421357105531224,0.0,0.0,0.0,0.0,0.0,0.0,0.0,0.0,0.35508886678309703,0.0,0.0,-0.7435234218850126,0.0,0.0,-0.7435234218850126,0.0,-0.05037624132506733,-1.8421357105531224,0.0,0.0
-1.3686395288811752,0.0,0.0,0.0,0.5108256437659905,2.449072896405405,0.0,0.0,2.604478680534257,0.0,0.0,0.7139222515461247,0.5108256437659905,-0.10875895046800257,0.0,0.0,0.0,0.3406438447805649,2.600708646704489,0.0,0.0,0.0,0.0,0.0,0.0,0.2407984621529302,-1.3686395288811752,0.0,0.0,0.0,0.0,0.0,0.0,0.0,0.0,0.0,0.0,0.0,0.0,0.1354379988951039,0.0,0.0,0.0,-2.061786316441157,-0.4523487184070151,0.0,0.0,-1.3686395288811752,0.0,0.0,0.0,0.1354379988951039,0.0,2.3101896945762346,0.0,2.9087208947461796,0.0,0.0,0.0,0.5070015312356331,0.0,0.5108256437659905,0.0,0.0,2.246997068388384,0.1354379988951039,0.0,0.0,0.0,0.0,0.0,3.1706580152726356,-0.11587650424294575,-2.061786316441157,0.0,0.0,0.0,-2.061786316441157,0.0,-2.061786316441157,0.0,0.0,0.0,0.0,0.0,0.0,0.0,0.0,0.0,0.0,0.0,0.0,0.0,0.0,0.0,-2.061786316441157,0.0,0.0,0.0,0.0,0.0,-2.061786316441157,0.5482831873303029,0.0,0.1354379988951039,0.0,0.0,0.0
0.0,0.0,0.0,0.0,4.5451297986609465,0.0,-1.895285002829041,0.0,0.0,0.0,0.0,0.0,0.0,1.3881293764489537,0.0,0.0,-1.096777173522385,0.0,0.28951711273501024,0.0,0.0,0.0,0.0,0.0,0.0,0.0,0.0,0.0,0.0,0.0,0.0,0.0,0.0,0.0,0.0,0.0,0.0,0.0,0.0,0.0,0.0,0.0,0.0,0.0,0.0,0.0,0.0,0.0,0.0,0.0,0.0,0.0,0.0,0.0,0.0,0.0,0.0,0.0,0.0,0.0,0.0,0.0,0.0,0.0,0.0,0.0,0.0,0.0,0.0,0.0,0.0,0.0,0.0,0.0,0.0,0.0,0.0,0.0,0.0,0.0,0.0,0.0,0.0,0.0,0.0,0.0,0.0,0.0,0.0,0.0,0.0,0.0,0.0,0.0,0.0,0.0,0.0,0.0,0.0,0.0,0.0,0.0,0.0,0.0,0.0,0.0,0.0,0.0
0.0,0.0,0.0,0.0,4.578785239583314,0.0,0.0,0.0,0.0,0.0,0.0,0.0,0.0,0.954444298906428,0.0,0.0,0.0,0.0,0.0,0.0,0.0,0.0,0.0,0.0,0.0,0.0,0.0,0.0,0.0,0.0,0.0,0.0,0.0,0.0,0.0,0.0,0.0,0.0,0.0,0.0,0.0,0.0,0.0,0.0,0.0,0.0,0.0,0.0,0.0,0.0,0.0,0.0,-5.912490718174155,0.0,0.0,-5.912490718174155,0.0,0.0,0.0,0.0,0.0,0.0,0.0,-6.6056378987341,0.0,0.0,0.0,0.0,0.0,0.0,0.0,0.0,0.0,0.0,0.0,0.0,0.0,0.0,0.0,0.0,0.0,0.0,0.0,0.0,0.0,0.0,0.0,0.0,0.0,0.0,0.0,0.0,0.0,0.0,0.0,0.0,0.0,0.0,0.0,0.0,0.0,0.0,0.0,0.0,0.0,0.0,0.0,0.0
-0.6907062620269335,0.0,0.0,-3.8981250312377815,4.286101253234331,0.0,-0.3886579922917831,0.0,0.0,0.0,0.0,0.0,0.0,3.2160181295436643,0.0,0.0,0.0,0.0,0.8641049972750133,0.0,0.0,0.0,0.0,0.0,0.0,0.0,0.0,0.0,0.0,0.0,0.0,0.0,0.0,0.0,0.0,0.0,0.0,0.0,0.0,0.0,0.0,0.0,-3.8981250312377815,0.0,0.0,0.0,0.0,0.0,0.0,0.0,0.0,0.0,-3.161246272031661,0.0,0.0,-3.161246272031661,0.0,0.0,-3.8981250312377815,-3.161246272031661,0.0,0.0,0.0,-1.577818613116209,-3.8981250312377815,0.0,0.0,0.0,0.0,0.0,0.0,0.0,-2.799514386234617,0.0,0.0,0.0,0.0,0.0,0.0,0.0,0.0,-3.161246272031661,0.0,0.0,0.0,0.0,0.0,0.0,0.0,0.0,0.0,0.0,0.0,0.0,0.0,0.0,0.0,0.0,0.0,0.0,0.0,0.0,0.0,0.0,0.0,0.0,0.0,0.0
-0.05531642898320774,0.0,0.0,0.0,4.504447485132964,0.0,0.8741778837274007,0.0,0.0,0.0,0.0,0.0,0.0,1.7870273487192943,0.0,0.0,0.0,0.0,-1.255866805417426,0.0,0.0,0.0,0.0,0.0,0.0,0.0,-0.4061315801513254,0.0,0.0,0.0,0.0,0.0,-3.4018646042056186,0.0,0.0,0.0,0.0,0.0,0.0,0.0,0.0,0.0,0.0,0.0,0.0,0.0,0.0,0.0,0.0,0.0,0.0,0.0,0.0,0.0,0.0,-2.827905256910493,0.0,0.0,0.0,0.0,0.0,0.0,-3.5210524374704386,-3.0742593803310205,0.0,0.0,0.0,0.0,0.0,0.0,0.0,0.0,0.0,0.0,0.0,0.0,0.0,0.0,0.0,0.0,0.0,0.0,0.0,0.0,0.0,0.0,0.0,0.0,0.0,0.0,0.0,0.0,-3.5210524374704386,0.0,0.0,0.0,0.0,0.0,0.0,0.0,0.0,0.0,0.0,0.0,0.0,0.0,0.0,0.0
0.0,0.0,0.0,0.0,4.482918905577765,0.0,1.2133499808585329,0.0,0.0,0.0,0.0,0.0,0.0,1.801136632551763,0.0,0.0,0.0,0.0,0.7025243273725421,0.0,0.0,0.0,0.0,0.0,0.0,0.0,0.0,0.0,0.0,0.0,0.0,0.0,0.0,0.0,0.0,0.0,0.0,0.0,0.0,0.0,0.0,0.0,0.0,0.0,0.0,0.0,0.0,0.0,0.0,0.0,0.0,0.0,0.0,0.0,0.0,-2.986354383741659,0.0,0.0,0.0,0.0,0.0,-4.084966672409768,0.0,0.0,0.0,0.0,0.0,0.0,0.0,0.0,0.0,0.0,0.0,0.0,0.0,0.0,0.0,0.0,0.0,0.0,0.0,0.0,0.0,0.0,0.0,0.0,0.0,0.0,0.0,0.0,0.0,0.0,0.0,0.0,0.0,0.0,0.0,0.0,0.0,0.0,0.0,0.0,0.0,0.0,0.0,0.0,0.0,0.0
0.2960503108722974,0.0,0.0,0.0,3.761786225293118,0.0,0.0,0.0,-1.0902439014976024,0.0,0.0,0.0,0.0,4.003506162422666,0.0,0.0,0.0,0.0,0.0,0.0,0.0,0.0,0.0,0.0,0.0,0.0,0.0,0.0,0.0,0.0,0.0,0.0,0.0,0.0,0.0,0.0,0.0,0.0,0.0,0.0,0.0,0.0,0.0,0.0,0.0,0.0,0.0,0.0,0.0,0.0,0.0,0.0,0.0,0.0,0.0,0.0,0.0,0.0,-2.294217201656927,0.0,0.0,0.0,0.0,-1.1956045824331976,-2.294217201656927,0.0,0.0,0.0,0.0,0.0,0.0,0.0,0.0,0.0,0.0,0.0,0.0,0.0,0.0,0.0,0.0,0.0,0.0,0.0,0.0,0.0,0.0,0.0,0.0,0.0,0.0,0.0,0.0,0.0,0.0,0.0,0.0,0.0,0.0,0.0,0.0,0.0,0.0,0.0,0.0,0.0,0.0,0.0
-0.0119285632652738,0.0,0.0,0.0,4.430722686081514,0.0,0.6812186172946715,0.0,1.492148822266556,0.0,0.0,0.0,0.0,2.067512965764562,0.0,0.0,0.0,0.0,0.0,0.0,0.0,0.0,0.0,0.0,0.0,0.0,-0.7050758450252234,0.0,0.0,0.0,0.0,0.0,0.0,0.0,0.0,0.0,0.0,0.0,0.0,0.0,0.0,0.0,0.0,0.0,0.0,0.0,0.0,0.0,0.0,0.0,0.0,0.0,0.0,0.0,0.0,-1.909048851751199,0.0,0.0,0.0,0.0,0.0,0.0,0.0,-3.0076611404193088,0.0,0.0,0.0,0.0,0.0,0.0,0.0,0.0,0.0,0.0,0.0,0.0,0.0,0.0,0.0,0.0,0.0,0.0,0.0,0.0,0.0,0.0,0.0,0.0,0.0,0.0,0.0,0.0,0.0,0.0,0.0,0.0,0.0,0.0,0.0,0.0,0.0,0.0,0.0,0.0,0.0,0.0,0.0,0.0
0.2700604954352945,0.0,0.0,0.0,4.120208072783651,0.0,-0.13540468900620423,0.0,-0.8285518695661496,0.0,0.0,0.0,0.0,3.488936295876829,0.0,0.0,0.0,0.0,0.2700604954352945,0.0,0.0,0.0,0.0,0.0,0.0,0.0,-0.13540468900620423,0.0,0.0,0.0,0.0,0.0,0.0,0.0,0.0,0.0,0.0,0.0,0.0,0.0,0.0,0.0,0.0,0.0,0.0,0.0,0.0,0.0,0.0,0.0,0.0,0.0,0.0,0.0,0.0,-0.8285518695661496,0.0,0.0,0.0,0.0,0.0,0.0,0.0,0.0,-0.8285518695661496,0.0,0.0,0.0,0.0,0.0,0.0,0.0,0.0,0.0,0.0,0.0,0.0,0.0,0.0,0.0,0.0,0.0,0.0,0.0,0.0,0.0,0.0,0.0,0.0,0.0,0.0,0.0,0.0,0.0,0.0,0.0,0.0,0.0,0.0,0.0,0.0,0.0,0.0,0.0,0.0,0.0,0.0,0.0
