region,date,set,habitat,Paired,sz_orgnsm,count,rel_abun,rel_abun_per
Fraser,2016-07-12,2.1,Eel,NA,1_Gammarid,5.333333333,0.007905138,0.7905138
Fraser,2016-07-12,2.1,Eel,NA,1_Phyllodocida,5.333333333,0.007905138,0.7905138
Fraser,2016-07-12,2.1,Eel,NA,1_Appendicularia,10.66666667,0.015810277,1.5810277000000001
Fraser,2016-07-12,2.1,Eel,NA,1_Harpac,104.0,0.154150198,15.4150198
Fraser,2016-07-12,2.1,Eel,NA,1_Calanoid,546.6666667,0.81027668,81.02766799999999
Fraser,2016-07-12,2.1,Eel,NA,1_Mysida,2.666666667,0.003952569,0.3952569
Fraser,2016-07-12,1.1,Eel,NA,1_Gammarid,4.444444444,0.009049774,0.9049774
Fraser,2016-07-12,1.1,Eel,NA,1_Cladoceran,17.77777778,0.036199095,3.6199095
Fraser,2016-07-12,1.1,Eel,NA,1_Appendicularia,13.33333333,0.027149321,2.7149321
Fraser,2016-07-12,1.1,Eel,NA,1_Harpac,371.1111111,0.755656109,75.5656109
Fraser,2016-07-12,1.1,Eel,NA,1_Calanoid,77.77777778,0.158371041,15.8371041
Fraser,2016-07-12,1.1,Eel,NA,1_Cumacea,2.222222222,0.004524887,0.4524887
Fraser,2016-07-12,1.1,Eel,NA,1_Brachyura,4.444444444,0.009049774,0.9049774
Fraser,2016-07-12,1.1,Eel,NA,1_Barnacle,20.0,0.040723982,4.0723982
Fraser,2016-06-25,2.1,No_Eel,NA,1_Cladoceran,2.667,0.003448705,0.34487049999999997
Fraser,2016-06-25,2.1,No_Eel,NA,1_Phyllodocida,13.33333333,0.017241372,1.7241372000000001
Fraser,2016-06-25,2.1,No_Eel,NA,1_Appendicularia,58.66666667,0.075862036,7.586203599999999
Fraser,2016-06-25,2.1,No_Eel,NA,1_Cyclopoid,2.666666667,0.003448274,0.3448274
Fraser,2016-06-25,2.1,No_Eel,NA,1_Harpac,282.6666667,0.365517084,36.5517084
Fraser,2016-06-25,2.1,No_Eel,NA,1_Calanoid,386.6666667,0.499999784,49.9999784
Fraser,2016-06-25,2.1,No_Eel,NA,1_Mysida,2.666666667,0.003448274,0.3448274
Fraser,2016-06-25,2.1,No_Eel,NA,1_Cnetophora,13.33333333,0.017241372,1.7241372000000001
Fraser,2016-06-25,2.1,No_Eel,NA,1_Echinoderm,10.66666667,0.013793098,1.3793098
Fraser,2016-06-25,2.1,Eel,NA,10_Cnetophora,1.0,0.001070664,0.1070664
Fraser,2016-06-25,2.1,Eel,NA,2_Gammarid,2.0,0.002141328,0.2141328
Fraser,2016-06-25,2.1,Eel,NA,2_Harpac,1.0,0.001070664,0.1070664
Fraser,2016-06-25,2.1,Eel,NA,1_Gammarid,10.0,0.010706638,1.0706638
Fraser,2016-06-25,2.1,Eel,NA,1_Cladoceran,22.0,0.023554604,2.3554604
Fraser,2016-06-25,2.1,Eel,NA,1_Phyllodocida,10.0,0.010706638,1.0706638
Fraser,2016-06-25,2.1,Eel,NA,1_Appendicularia,30.0,0.032119914,3.2119914
Fraser,2016-06-25,2.1,Eel,NA,1_Harpac,364.0,0.389721627,38.9721627
Fraser,2016-06-25,2.1,Eel,NA,1_Calanoid,484.0,0.518201285,51.820128499999996
Fraser,2016-06-25,2.1,Eel,NA,1_Barnacle,10.0,0.010706638,1.0706638
Fraser,2016-06-25,1.1,No_Eel,NA,1_Cladoceran,3.0,0.004958678,0.4958678
Fraser,2016-06-25,1.1,No_Eel,NA,1_Phyllodocida,7.0,0.011570248,1.1570248
Fraser,2016-06-25,1.1,No_Eel,NA,1_Appendicularia,41.0,0.067768595,6.7768595000000005
Fraser,2016-06-25,1.1,No_Eel,NA,1_Harpac,248.0,0.409917355,40.9917355
Fraser,2016-06-25,1.1,No_Eel,NA,1_Calanoid,281.0,0.46446281,46.446281
Fraser,2016-06-25,1.1,No_Eel,NA,1_Mysida,3.0,0.004958678,0.4958678
Fraser,2016-06-25,1.1,No_Eel,NA,1_Echinoderm,6.0,0.009917355,0.9917354999999999
Fraser,2016-06-25,1.1,No_Eel,NA,1_Barnacle,16.0,0.026446281,2.6446281
Fraser,2016-06-25,1.1,Eel,NA,2_Gammarid,5.0,0.002003205,0.2003205
Fraser,2016-06-25,1.1,Eel,NA,2_Cladoceran,2.0,8.01282e-4,0.0801282
Fraser,2016-06-25,1.1,Eel,NA,1_Gammarid,32.0,0.012820513,1.2820513
Fraser,2016-06-25,1.1,Eel,NA,1_Cladoceran,56.0,0.022435897,2.2435897
Fraser,2016-06-25,1.1,Eel,NA,1_Phyllodocida,24.0,0.009615385,0.9615385000000001
Fraser,2016-06-25,1.1,Eel,NA,1_Appendicularia,32.0,0.012820513,1.2820513
Fraser,2016-06-25,1.1,Eel,NA,1_Harpac,952.0,0.381410256,38.1410256
Fraser,2016-06-25,1.1,Eel,NA,1_Calanoid,1368.0,0.548076923,54.8076923
Fraser,2016-06-25,1.1,Eel,NA,1_Barnacle,24.0,0.009615385,0.9615385000000001
Fraser,2016-06-25,1.1,Eel,NA,1_Brachyura,1.0,4.00641e-4,0.0400641
Fraser,2016-06-11,1.1,Eel,NA,2_Harpac,1.0,0.004273504,0.4273504
Fraser,2016-06-11,1.1,Eel,NA,2_Calanoid,2.0,0.008547009,0.8547009
Fraser,2016-06-11,1.1,Eel,NA,1_Phyllodocida,3.0,0.012820513,1.2820513
Fraser,2016-06-11,1.1,Eel,NA,1_Harpac,113.0,0.482905983,48.2905983
Fraser,2016-06-11,1.1,Eel,NA,1_Calanoid,115.0,0.491452991,49.1452991
Fraser,2016-06-11,1.1,No_Eel,NA,1_Cladoceran,216.0,0.101503759,10.1503759
Fraser,2016-06-11,1.1,No_Eel,NA,1_Appendicularia,32.0,0.015037594,1.5037593999999999
Fraser,2016-06-11,1.1,No_Eel,NA,1_Harpac,328.0,0.154135338,15.413533800000002
Fraser,2016-06-11,1.1,No_Eel,NA,1_Calanoid,1464.0,0.687969925,68.7969925
Fraser,2016-06-11,1.1,No_Eel,NA,1_Barnacle,88.0,0.041353383,4.1353383
Fraser,2016-06-11,2.1,No_Eel,NA,1_Cladoceran,73.0,0.226708075,22.670807500000002
Fraser,2016-06-11,2.1,No_Eel,NA,1_Appendicularia,21.0,0.065217391,6.5217391
Fraser,2016-06-11,2.1,No_Eel,NA,1_Calanoid,204.0,0.633540373,63.3540373
Fraser,2016-06-11,2.1,No_Eel,NA,1_Mysida,2.0,0.00621118,0.6211180000000001
Fraser,2016-06-11,2.1,No_Eel,NA,1_Barnacle,10.0,0.031055901,3.1055901
Fraser,2016-06-11,2.1,No_Eel,NA,1_Phyllodocida,12.0,0.037267081,3.7267081
Fraser,2016-06-11,2.1,Eel,NA,1_Cladoceran,200.0,0.047619048,4.7619048
Fraser,2016-06-11,2.1,Eel,NA,1_Phyllodocida,20.0,0.004761905,0.4761905
Fraser,2016-06-11,2.1,Eel,NA,1_Appendicularia,20.0,0.004761905,0.4761905
Fraser,2016-06-11,2.1,Eel,NA,1_Harpac,1660.0,0.395238095,39.5238095
Fraser,2016-06-11,2.1,Eel,NA,1_Calanoid,1880.0,0.447619048,44.7619048
Fraser,2016-06-11,2.1,Eel,NA,1_Barnacle,420.0,0.1,10.0
Fraser,2016-05-27,1.1,No_Eel,1,2_Phyllodocida,1.0,7.5643e-4,0.075643
Fraser,2016-05-27,1.1,No_Eel,1,2_Appendicularia,1.0,7.5643e-4,0.075643
Fraser,2016-05-27,1.1,No_Eel,1,1_Cladoceran,786.0,0.594553707,59.455370699999996
Fraser,2016-05-27,1.1,No_Eel,1,1_Gastropod,15.0,0.011346445,1.1346445
Fraser,2016-05-27,1.1,No_Eel,1,1_Appendicularia,30.0,0.02269289,2.269289
Fraser,2016-05-27,1.1,No_Eel,1,1_Echinoderm,6.0,0.004538578,0.4538578
Fraser,2016-05-27,1.1,No_Eel,1,1_Harpac,66.0,0.049924357,4.992435700000001
Fraser,2016-05-27,1.1,No_Eel,1,1_Calanoid,339.0,0.256429652,25.6429652
Fraser,2016-05-27,1.1,No_Eel,1,1_Brachyura,3.0,0.002269289,0.2269289
Fraser,2016-05-27,1.1,No_Eel,1,1_Barnacle,75.0,0.056732224,5.6732224
Fraser,2016-05-27,2.1,No_Eel,1,1_Appendicularia,300.0,0.080645161,8.0645161
Fraser,2016-05-27,2.1,No_Eel,1,1_Valvifera,60.0,0.016129032,1.6129032
Fraser,2016-05-27,2.1,No_Eel,1,1_Harpac,370.0,0.099462366,9.946236599999999
Fraser,2016-05-27,2.1,No_Eel,1,1_Calanoid,590.0,0.158602151,15.8602151
Fraser,2016-05-27,2.1,No_Eel,1,1_Cladoceran,2360.0,0.634408602,63.4408602
Fraser,2016-05-27,2.1,No_Eel,1,1_Barnacle,40.0,0.010752688,1.0752688
Fraser,2016-05-27,1.1,Eel,1,2_Gammarid,3.0,3.31712e-4,0.0331712
Fraser,2016-05-27,1.1,Eel,1,2_Natantia,1.0,1.10571e-4,0.0110571
Fraser,2016-05-27,1.1,Eel,1,1_Cladoceran,3693.333333,0.408373876,40.8373876
Fraser,2016-05-27,1.1,Eel,1,1_Harpac,426.6666667,0.047176765,4.7176765000000005
Fraser,2016-05-27,1.1,Eel,1,1_Calanoid,4160.0,0.459973463,45.997346300000004
Fraser,2016-05-27,1.1,Eel,1,1_Mysida,53.33333333,0.005897096,0.5897096000000001
Fraser,2016-05-27,1.1,Eel,1,1_Barnacle,706.6666667,0.078136518,7.813651800000001
Fraser,2016-05-27,2.1,Eel,1,1_Cladoceran,648.75,0.492877493,49.2877493
Fraser,2016-05-27,2.1,Eel,1,1_Appendicularia,41.25,0.031339031,3.1339031000000004
Fraser,2016-05-27,2.1,Eel,1,1_Echinoderm,7.5,0.005698006,0.5698006
Fraser,2016-05-27,2.1,Eel,1,1_Harpac,116.25,0.088319088,8.8319088
Fraser,2016-05-27,2.1,Eel,1,1_Calanoid,408.75,0.310541311,31.0541311
Fraser,2016-05-27,2.1,Eel,1,1_Mysida,7.5,0.005698006,0.5698006
Fraser,2016-05-27,2.1,Eel,1,1_Brachyura,3.75,0.002849003,0.2849003
Fraser,2016-05-27,2.1,Eel,1,1_Cnetophora,3.75,0.002849003,0.2849003
Fraser,2016-05-27,2.1,Eel,1,1_Barnacle,78.75,0.05982906,5.982906000000001
Fraser,2016-05-11,1.1,Eel,NA,1_Cladoceran,182.0,0.197826087,19.7826087
Fraser,2016-05-11,1.1,Eel,NA,1_Phyllodocida,43.0,0.04673913,4.673913
Fraser,2016-05-11,1.1,Eel,NA,1_Harpac,273.0,0.29673913,29.673913000000002
Fraser,2016-05-11,1.1,Eel,NA,1_Calanoid,401.0,0.435869565,43.5869565
Fraser,2016-05-11,1.1,Eel,NA,1_Mysida,7.0,0.007608696,0.7608696
Fraser,2016-05-11,1.1,Eel,NA,1_Cumacea,9.0,0.009782609,0.9782609
Fraser,2016-05-11,1.1,Eel,NA,1_Brachyura,4.0,0.004347826,0.4347826
Fraser,2016-05-11,1.1,Eel,NA,2_Gammarid,1.0,0.001086957,0.10869569999999999
Fraser,2016-05-11,2.1,Eel,NA,1_Gammarid,32.0,0.018691589,1.8691589000000002
Fraser,2016-05-11,2.1,Eel,NA,1_Appendicularia,16.0,0.009345794,0.9345794
Fraser,2016-05-11,2.1,Eel,NA,1_Harpac,360.0,0.210280374,21.0280374
Fraser,2016-05-11,2.1,Eel,NA,1_Calanoid,1176.0,0.686915888,68.6915888
Fraser,2016-05-11,2.1,Eel,NA,1_Phyllodocida,24.0,0.014018692,1.4018692
Fraser,2016-05-11,2.1,Eel,NA,1_Cladoceran,104.0,0.060747664,6.0747664
Fraser,2016-05-11,1.1,No_Eel,1,10_Gammarid,1.0,0.002197802,0.2197802
Fraser,2016-05-11,1.1,No_Eel,1,1_Gammarid,3.0,0.006593407,0.6593407
Fraser,2016-05-11,1.1,No_Eel,1,1_Cladoceran,197.0,0.432967033,43.2967033
Fraser,2016-05-11,1.1,No_Eel,1,1_Valvifera,1.0,0.002197802,0.2197802
Fraser,2016-05-11,1.1,No_Eel,1,1_Phyllodocida,5.0,0.010989011,1.0989011
Fraser,2016-05-11,1.1,No_Eel,1,1_Harpac,159.0,0.349450549,34.9450549
Fraser,2016-05-11,1.1,No_Eel,1,1_Calanoid,68.0,0.149450549,14.945054899999999
Fraser,2016-05-11,1.1,No_Eel,1,1_Mysida,1.0,0.002197802,0.2197802
Fraser,2016-05-11,1.1,No_Eel,1,1_Ostracod,20.0,0.043956044,4.3956044
Fraser,2016-05-11,2.1,No_Eel,1,1_Appendicularia,NA,0.094936709,9.4936709
Fraser,2016-05-11,2.1,No_Eel,1,1_Harpac,NA,0.107594937,10.7594937
Fraser,2016-05-11,2.1,No_Eel,1,1_Calanoid,NA,0.208860759,20.8860759
Fraser,2016-05-11,2.1,No_Eel,1,1_Cladoceran,NA,0.582278481,58.2278481
Fraser,2016-04-30,1.1,No_Eel,1,1_Gammarid,1.0,0.001564945,0.1564945
Fraser,2016-04-30,1.1,No_Eel,1,1_Cladoceran,67.0,0.10485133,10.485133000000001
Fraser,2016-04-30,1.1,No_Eel,1,1_Appendicularia,27.0,0.042253521,4.2253521
Fraser,2016-04-30,1.1,No_Eel,1,1_Cyclopoid,3.0,0.004694836,0.4694836
Fraser,2016-04-30,1.1,No_Eel,1,1_Harpac,109.0,0.17057903,17.057903
Fraser,2016-04-30,1.1,No_Eel,1,1_Calanoid,371.0,0.580594679,58.059467899999994
Fraser,2016-04-30,1.1,No_Eel,1,1_Mysida,3.0,0.004694836,0.4694836
Fraser,2016-04-30,1.1,No_Eel,1,1_Barnacle,58.0,0.090766823,9.0766823
Fraser,2016-04-30,2.1,No_Eel,1,10_Fish Larvae,1.0,0.002717391,0.2717391
Fraser,2016-04-30,2.1,No_Eel,1,1_Cladoceran,43.0,0.116847826,11.6847826
Fraser,2016-04-30,2.1,No_Eel,1,1_Appendicularia,17.0,0.046195652,4.619565199999999
Fraser,2016-04-30,2.1,No_Eel,1,1_Harpac,35.0,0.095108696,9.510869600000001
Fraser,2016-04-30,2.1,No_Eel,1,1_Calanoid,180.0,0.489130435,48.9130435
Fraser,2016-04-30,2.1,No_Eel,1,1_Mysida,3.0,0.008152174,0.8152174
Fraser,2016-04-30,2.1,No_Eel,1,1_Ostracod,44.0,0.119565217,11.9565217
Fraser,2016-04-30,2.1,No_Eel,1,1_Barnacle,45.0,0.122282609,12.2282609
Fraser,2016-04-30,1.1,Eel,1,1_Valvifera,16.0,0.005235602,0.5235602
Fraser,2016-04-30,1.1,Eel,1,1_Phyllodocida,8.0,0.002617801,0.2617801
Fraser,2016-04-30,1.1,Eel,1,1_Harpac,2232.0,0.730366492,73.0366492
Fraser,2016-04-30,1.1,Eel,1,1_Calanoid,776.0,0.253926702,25.3926702
Fraser,2016-04-30,1.1,Eel,1,1_Mysida,8.0,0.002617801,0.2617801
Fraser,2016-04-30,1.1,Eel,1,1_Cumacea,16.0,0.005235602,0.5235602
Fraser,2016-04-30,2.1,Eel,1,2_Gammarid,4.0,0.001167883,0.1167883
Fraser,2016-04-30,2.1,Eel,1,2_Mysida,3.0,8.75912e-4,0.0875912
Fraser,2016-04-30,2.1,Eel,1,2_Brachyura,1.0,2.91971e-4,0.029197099999999997
Fraser,2016-04-30,2.1,Eel,1,1_Gammarid,2.0,5.83942e-4,0.05839419999999999
Fraser,2016-04-30,2.1,Eel,1,1_Cladoceran,115.0,0.033576642,3.3576642
Fraser,2016-04-30,2.1,Eel,1,1_Phyllodocida,60.0,0.017518248,1.7518248
Fraser,2016-04-30,2.1,Eel,1,1_Harpac,755.0,0.220437956,22.0437956
Fraser,2016-04-30,2.1,Eel,1,1_Calanoid,1775.0,0.518248175,51.824817499999995
Fraser,2016-04-30,2.1,Eel,1,1_Barnacle,710.0,0.20729927,20.729927
Fraser,2016-04-16,1.1,Eel,NA,2_Gammarid,3.0,0.007672634,0.7672634
Fraser,2016-04-16,1.1,Eel,NA,2_Mysida,1.0,0.002557545,0.2557545
Fraser,2016-04-16,1.1,Eel,NA,1_Cladoceran,7.0,0.017902813,1.7902813
Fraser,2016-04-16,1.1,Eel,NA,1_Phyllodocida,7.0,0.017902813,1.7902813
Fraser,2016-04-16,1.1,Eel,NA,1_Appendicularia,3.0,0.007672634,0.7672634
Fraser,2016-04-16,1.1,Eel,NA,1_Harpac,240.0,0.613810742,61.38107419999999
Fraser,2016-04-16,1.1,Eel,NA,1_Calanoid,124.0,0.31713555,31.713555
Fraser,2016-04-16,1.1,Eel,NA,1_Barnacle,5.0,0.012787724,1.2787724
Fraser,2016-04-16,1.1,Eel,NA,1_Echinoderm,1.0,0.002557545,0.2557545
Fraser,2016-04-16,1.1,No_Eel,NA,1_Cladoceran,960.0,0.168618267,16.861826699999998
Fraser,2016-04-16,1.1,No_Eel,NA,1_Appendicularia,40.0,0.007025761,0.7025761
Fraser,2016-04-16,1.1,No_Eel,NA,1_Harpac,200.0,0.035128806,3.5128806
Fraser,2016-04-16,1.1,No_Eel,NA,1_Calanoid,4346.666667,0.763466042,76.3466042
Fraser,2016-04-16,1.1,No_Eel,NA,1_Phyllodocida,40.0,0.007025761,0.7025761
Fraser,2016-04-16,1.1,No_Eel,NA,1_Barnacle,106.6666667,0.018735363,1.8735363
Fraser,2016-04-16,2.1,Eel,NA,10_Valvifera,1.0,7.34268e-5,0.00734268
Fraser,2016-04-16,2.1,Eel,NA,2_Gammarid,13.0,9.54549e-4,0.0954549
Fraser,2016-04-16,2.1,Eel,NA,2_Calanoid,1.0,7.34268e-5,0.00734268
Fraser,2016-04-16,2.1,Eel,NA,2_Mysida,1.0,7.34268e-5,0.00734268
Fraser,2016-04-16,2.1,Eel,NA,2_Brachyura,3.0,2.2028e-4,0.022028
Fraser,2016-04-16,2.1,Eel,NA,1_Cladoceran,240.0,0.017622439,1.7622439
Fraser,2016-04-16,2.1,Eel,NA,1_Harpac,9640.0,0.707834643,70.78346429999999
Fraser,2016-04-16,2.1,Eel,NA,1_Calanoid,3520.0,0.258462442,25.8462442
Fraser,2016-04-16,2.1,Eel,NA,1_Barnacle,120.0,0.00881122,0.881122
Fraser,2016-04-16,2.1,Eel,NA,1_Phyllodocida,80.0,0.005874146,0.5874146
Fraser,2016-04-16,2.1,No_Eel,NA,2_Cumacea,1.0,1.53038e-4,0.015303800000000001
Fraser,2016-04-16,2.1,No_Eel,NA,1_Cladoceran,733.3333333,0.11222772,11.222772
Fraser,2016-04-16,2.1,No_Eel,NA,1_Appendicularia,13.33333333,0.002040504,0.2040504
Fraser,2016-04-16,2.1,No_Eel,NA,1_Harpac,186.6666667,0.028567056,2.8567056
Fraser,2016-04-16,2.1,No_Eel,NA,1_Calanoid,5440.0,0.832525634,83.2525634
Fraser,2016-04-16,2.1,No_Eel,NA,1_Barnacle,26.66666667,0.004081008,0.4081008
Fraser,2016-04-16,2.1,No_Eel,NA,1_Phyllodocida,133.3333333,0.02040504,2.040504
Fraser,2016-03-30,2.1,Eel,NA,1_Cladoceran,4.0,0.005319149,0.5319149
Fraser,2016-03-30,2.1,Eel,NA,1_Phyllodocida,24.0,0.031914894,3.1914894
Fraser,2016-03-30,2.1,Eel,NA,1_Harpac,16.0,0.021276596,2.1276596
Fraser,2016-03-30,2.1,Eel,NA,1_Calanoid,692.0,0.920212766,92.02127660000001
Fraser,2016-03-30,2.1,Eel,NA,1_Barnacle,16.0,0.021276596,2.1276596
Fraser,2016-03-30,1.1,No_Eel,NA,1_Cladoceran,8.0,0.00370199,0.370199
Fraser,2016-03-30,1.1,No_Eel,NA,1_Phyllodocida,8.0,0.00370199,0.370199
Fraser,2016-03-30,1.1,No_Eel,NA,1_Harpac,32.0,0.014807959,1.4807959000000002
Fraser,2016-03-30,1.1,No_Eel,NA,1_Calanoid,2112.0,0.977325312,97.7325312
Fraser,2016-03-30,1.1,No_Eel,NA,2_Mysida,1.0,4.62749e-4,0.0462749
Fraser,2016-03-30,1.1,Eel,NA,2_Mysida,34.0,0.01218638,1.218638
Fraser,2016-03-30,1.1,Eel,NA,1_Harpac,1e3,0.358422939,35.8422939
Fraser,2016-03-30,1.1,Eel,NA,1_Calanoid,580.0,0.207885305,20.7885305
Fraser,2016-03-30,1.1,Eel,NA,1_Barnacle,4.0,0.001433692,0.1433692
Fraser,2016-03-30,2.1,No_Eel,NA,1_Cladoceran,4.0,0.001433692,0.1433692
Fraser,2016-03-30,2.1,No_Eel,NA,1_Phyllodocida,4.0,0.001433692,0.1433692
Fraser,2016-03-30,2.1,No_Eel,NA,1_Calanoid,1164.0,0.417204301,41.7204301
Qualicum,2016-07-19,2.1,Eel,NA,18_Natantia,30.0,0.056497175,5.6497174999999995
Qualicum,2016-07-19,2.1,Eel,NA,14_Natantia,57.0,0.107344633,10.7344633
Qualicum,2016-07-19,2.1,Eel,NA,10_Natantia,42.0,0.079096045,7.9096045
Qualicum,2016-07-19,2.1,Eel,NA,6_Natantia,21.0,0.039548023,3.9548023000000003
Qualicum,2016-07-19,2.1,Eel,NA,22_Natantia,4.0,0.007532957,0.7532957
Qualicum,2016-07-19,2.1,Eel,NA,2_Gammarid,14.0,0.026365348,2.6365348
Qualicum,2016-07-19,2.1,Eel,NA,2_Natantia,59.0,0.111111111,11.1111111
Qualicum,2016-07-19,2.1,Eel,NA,1_Gammarid,160.0,0.301318267,30.131826699999998
Qualicum,2016-07-19,2.1,Eel,NA,1_Caprellidea,64.0,0.120527307,12.0527307
Qualicum,2016-07-19,2.1,Eel,NA,1_Calanoid,16.0,0.030131827,3.0131826999999998
Qualicum,2016-07-19,2.1,Eel,NA,1_Ostracod,64.0,0.120527307,12.0527307
Qualicum,2016-07-19,1.1,Eel,NA,26_Natantia,5.0,0.023696682,2.3696682
Qualicum,2016-07-19,1.1,Eel,NA,22_Natantia,6.0,0.028436019,2.8436019
Qualicum,2016-07-19,1.1,Eel,NA,18_Natantia,12.0,0.056872038,5.6872038
Qualicum,2016-07-19,1.1,Eel,NA,14_Natantia,19.0,0.090047393,9.0047393
Qualicum,2016-07-19,1.1,Eel,NA,10_Natantia,49.0,0.232227488,23.2227488
Qualicum,2016-07-19,1.1,Eel,NA,6_Natantia,23.0,0.109004739,10.9004739
Qualicum,2016-07-19,1.1,Eel,NA,2_Gammarid,5.0,0.023696682,2.3696682
Qualicum,2016-07-19,1.1,Eel,NA,2_Caprellidea,10.0,0.047393365,4.7393365
Qualicum,2016-07-19,1.1,Eel,NA,2_Natantia,42.0,0.199052133,19.9052133
Qualicum,2016-07-19,1.1,Eel,NA,1_Gammarid,192.0,0.909952607,90.9952607
Qualicum,2016-07-19,1.1,Eel,NA,1_Phyllodocida,16.0,0.075829384,7.5829384
Qualicum,2016-07-19,1.1,Eel,NA,1_Harpac,88.0,0.417061611,41.7061611
Qualicum,2016-07-19,1.1,Eel,NA,1_Calanoid,24.0,0.113744076,11.3744076
Qualicum,2016-06-22,1.1,No_Eel,NA,6_Gastropod,1.0,0.001272265,0.12722650000000002
Qualicum,2016-06-22,1.1,No_Eel,NA,6_Phyllodocida,1.0,0.001272265,0.12722650000000002
Qualicum,2016-06-22,1.1,No_Eel,NA,22_Phyllodocida,1.0,0.001272265,0.12722650000000002
Qualicum,2016-06-22,1.1,No_Eel,NA,14_Phyllodocida,1.0,0.001272265,0.12722650000000002
Qualicum,2016-06-22,1.1,No_Eel,NA,22_Natantia,1.0,0.001272265,0.12722650000000002
Qualicum,2016-06-22,1.1,No_Eel,NA,18_Natantia,2.0,0.002544529,0.2544529
Qualicum,2016-06-22,1.1,No_Eel,NA,14_Natantia,5.0,0.006361323,0.6361323
Qualicum,2016-06-22,1.1,No_Eel,NA,10_Natantia,9.0,0.011450382,1.1450382000000001
Qualicum,2016-06-22,1.1,No_Eel,NA,6_Natantia,9.0,0.011450382,1.1450382000000001
Qualicum,2016-06-22,1.1,No_Eel,NA,22_Brachyura,1.0,0.001272265,0.12722650000000002
Qualicum,2016-06-22,1.1,No_Eel,NA,6_Brachyura,1.0,0.001272265,0.12722650000000002
Qualicum,2016-06-22,1.1,No_Eel,NA,2_Gammarid,13.0,0.01653944,1.6539439999999999
Qualicum,2016-06-22,1.1,No_Eel,NA,2_Caprellidea,106.0,0.134860051,13.486005100000002
Qualicum,2016-06-22,1.1,No_Eel,NA,2_Valvifera,7.0,0.008905852,0.8905852000000001
Qualicum,2016-06-22,1.1,No_Eel,NA,2_Phyllodocida,57.0,0.072519084,7.2519084
Qualicum,2016-06-22,1.1,No_Eel,NA,2_Natantia,9.0,0.011450382,1.1450382000000001
Qualicum,2016-06-22,1.1,No_Eel,NA,2_Natantia,309.0,0.393129771,39.312977100000005
Qualicum,2016-06-22,1.1,No_Eel,NA,2_Brachyura,9.0,0.011450382,1.1450382000000001
Qualicum,2016-06-22,1.1,No_Eel,NA,1_Gammarid,19.0,0.024173028,2.4173028
Qualicum,2016-06-22,1.1,No_Eel,NA,1_Caprellidea,91.0,0.115776081,11.5776081
Qualicum,2016-06-22,1.1,No_Eel,NA,1_Valvifera,2.0,0.002544529,0.2544529
Qualicum,2016-06-22,1.1,No_Eel,NA,1_Phyllodocida,107.0,0.136132316,13.6132316
Qualicum,2016-06-22,1.1,No_Eel,NA,1_Appendicularia,2.0,0.002544529,0.2544529
Qualicum,2016-06-22,1.1,No_Eel,NA,1_Harpac,1.0,0.001272265,0.12722650000000002
Qualicum,2016-06-22,1.1,No_Eel,NA,1_Natantia,10.0,0.012722646,1.2722646
Qualicum,2016-06-22,1.1,No_Eel,NA,1_Cumacea,3.0,0.003816794,0.3816794
Qualicum,2016-06-22,1.1,No_Eel,NA,1_Ostracod,9.0,0.011450382,1.1450382000000001
Qualicum,2016-06-22,1.1,Eel,NA,10_Caprellidea,2.0,0.005464481,0.5464481
Qualicum,2016-06-22,1.1,Eel,NA,6_Caprellidea,4.0,0.010928962,1.0928962
Qualicum,2016-06-22,1.1,Eel,NA,6_Gastropod,2.0,0.005464481,0.5464481
Qualicum,2016-06-22,1.1,Eel,NA,6_Natantia,1.0,0.00273224,0.27322399999999997
Qualicum,2016-06-22,1.1,Eel,NA,22_Natantia,2.0,0.005464481,0.5464481
Qualicum,2016-06-22,1.1,Eel,NA,18_Natantia,17.0,0.046448087,4.6448087
Qualicum,2016-06-22,1.1,Eel,NA,14_Natantia,26.0,0.071038251,7.1038251
Qualicum,2016-06-22,1.1,Eel,NA,10_Natantia,71.0,0.193989071,19.398907100000002
Qualicum,2016-06-22,1.1,Eel,NA,6_Natantia,38.0,0.103825137,10.3825137
Qualicum,2016-06-22,1.1,Eel,NA,10_Fish Larvae,2.0,0.005464481,0.5464481
Qualicum,2016-06-22,1.1,Eel,NA,2_Gammarid,12.0,0.032786885,3.2786885000000003
Qualicum,2016-06-22,1.1,Eel,NA,2_Caprellidea,6.0,0.016393443,1.6393443
Qualicum,2016-06-22,1.1,Eel,NA,2_Natantia,140.0,0.382513661,38.2513661
Qualicum,2016-06-22,1.1,Eel,NA,2_Brachyura,6.0,0.016393443,1.6393443
Qualicum,2016-06-22,1.1,Eel,NA,1_Gammarid,19.0,0.051912568,5.1912568
Qualicum,2016-06-22,1.1,Eel,NA,1_Caprellidea,4.0,0.010928962,1.0928962
Qualicum,2016-06-22,1.1,Eel,NA,1_Gastropod,3.0,0.008196721,0.8196721
Qualicum,2016-06-22,1.1,Eel,NA,1_Calanoid,2.0,0.005464481,0.5464481
Qualicum,2016-06-22,1.1,Eel,NA,1_Natantia,1.0,0.00273224,0.27322399999999997
Qualicum,2016-06-22,1.1,Eel,NA,1_Valvifera,5.0,0.013661202,1.3661202000000001
Qualicum,2016-06-22,1.1,Eel,NA,1_Ostracod,3.0,0.008196721,0.8196721
Qualicum,2016-06-22,2.1,Eel,NA,6_Gammarid,1.0,0.002881844,0.2881844
Qualicum,2016-06-22,2.1,Eel,NA,6_Caprellidea,1.0,0.002881844,0.2881844
Qualicum,2016-06-22,2.1,Eel,NA,50_Natantia,1.0,0.002881844,0.2881844
Qualicum,2016-06-22,2.1,Eel,NA,34_Natantia,1.0,0.002881844,0.2881844
Qualicum,2016-06-22,2.1,Eel,NA,18_Natantia,10.0,0.028818444,2.8818444
Qualicum,2016-06-22,2.1,Eel,NA,14_Natantia,25.0,0.07204611,7.204611
Qualicum,2016-06-22,2.1,Eel,NA,10_Natantia,49.0,0.141210375,14.1210375
Qualicum,2016-06-22,2.1,Eel,NA,6_Natantia,26.0,0.074927954,7.4927954
Qualicum,2016-06-22,2.1,Eel,NA,10_Brachyura,1.0,0.002881844,0.2881844
Qualicum,2016-06-22,2.1,Eel,NA,14_Brachyura,4.0,0.011527378,1.1527378
Qualicum,2016-06-22,2.1,Eel,NA,2_Gammarid,18.0,0.051873199,5.1873199
Qualicum,2016-06-22,2.1,Eel,NA,2_Phyllodocida,1.0,0.002881844,0.2881844
Qualicum,2016-06-22,2.1,Eel,NA,2_Natantia,149.0,0.429394813,42.9394813
Qualicum,2016-06-22,2.1,Eel,NA,2_Brachyura,1.0,0.002881844,0.2881844
Qualicum,2016-06-22,2.1,Eel,NA,2_Fish Larvae,1.0,0.002881844,0.2881844
Qualicum,2016-06-22,2.1,Eel,NA,1_Gammarid,31.0,0.089337176,8.9337176
Qualicum,2016-06-22,2.1,Eel,NA,1_Caprellidea,3.0,0.008645533,0.8645533000000001
Qualicum,2016-06-22,2.1,Eel,NA,1_Cyclopoid,1.0,0.002881844,0.2881844
Qualicum,2016-06-22,2.1,Eel,NA,1_Harpac,1.0,0.002881844,0.2881844
Qualicum,2016-06-22,2.1,Eel,NA,1_Calanoid,4.0,0.011527378,1.1527378
Qualicum,2016-06-22,2.1,Eel,NA,1_Natantia,4.0,0.011527378,1.1527378
Qualicum,2016-06-22,2.1,Eel,NA,1_Cumacea,3.0,0.008645533,0.8645533000000001
Qualicum,2016-06-22,2.1,Eel,NA,1_Isopod,10.0,0.028818444,2.8818444
Qualicum,2016-06-22,2.1,Eel,NA,1_Phyllodocida,1.0,0.002881844,0.2881844
Qualicum,2016-06-06,1.1,No_Eel,NA,6_Caprellidea,9.0,0.014263074,1.4263074
Qualicum,2016-06-06,1.1,No_Eel,NA,6_Echinoderm,3.0,0.004754358,0.4754358
Qualicum,2016-06-06,1.1,No_Eel,NA,6_Valvifera,1.0,0.001584786,0.1584786
Qualicum,2016-06-06,1.1,No_Eel,NA,6_Phyllodocida,3.0,0.004754358,0.4754358
Qualicum,2016-06-06,1.1,No_Eel,NA,6_Natantia,6.0,0.009508716,0.9508716
Qualicum,2016-06-06,1.1,No_Eel,NA,10_Fish Larvae,3.0,0.004754358,0.4754358
Qualicum,2016-06-06,1.1,No_Eel,NA,30_Fish Larvae,1.0,0.001584786,0.1584786
Qualicum,2016-06-06,1.1,No_Eel,NA,22_Brachyura,1.0,0.001584786,0.1584786
Qualicum,2016-06-06,1.1,No_Eel,NA,2_Gammarid,43.0,0.0681458,6.81458
Qualicum,2016-06-06,1.1,No_Eel,NA,2_Caprellidea,206.0,0.326465927,32.6465927
Qualicum,2016-06-06,1.1,No_Eel,NA,2_Echinoderm,12.0,0.019017433,1.9017433000000001
Qualicum,2016-06-06,1.1,No_Eel,NA,2_Phyllodocida,24.0,0.038034865,3.8034865
Qualicum,2016-06-06,1.1,No_Eel,NA,2_Natantia,65.0,0.103011094,10.3011094
Qualicum,2016-06-06,1.1,No_Eel,NA,2_Fish Larvae,1.0,0.001584786,0.1584786
Qualicum,2016-06-06,1.1,No_Eel,NA,2_Brachyura,2.0,0.003169572,0.3169572
Qualicum,2016-06-06,1.1,No_Eel,NA,1_Gammarid,72.0,0.114104596,11.4104596
Qualicum,2016-06-06,1.1,No_Eel,NA,1_Caprellidea,97.0,0.153724247,15.372424700000002
Qualicum,2016-06-06,1.1,No_Eel,NA,1_Phyllodocida,51.0,0.080824089,8.0824089
Qualicum,2016-06-06,1.1,No_Eel,NA,1_Calanoid,5.0,0.00792393,0.7923929999999999
Qualicum,2016-06-06,1.1,No_Eel,NA,1_Cumacea,6.0,0.009508716,0.9508716
Qualicum,2016-06-06,1.1,No_Eel,NA,1_Barnacle,20.0,0.031695721,3.1695721000000003
Qualicum,2016-06-06,2.1,No_Eel,NA,2_Gammarid,1.0,0.003846154,0.3846154
Qualicum,2016-06-06,2.1,No_Eel,NA,2_Caprellidea,16.0,0.061538462,6.1538462
Qualicum,2016-06-06,2.1,No_Eel,NA,2_Natantia,2.0,0.007692308,0.7692308
Qualicum,2016-06-06,2.1,No_Eel,NA,2_Cumacea,1.0,0.003846154,0.3846154
Qualicum,2016-06-06,2.1,No_Eel,NA,1_Caprellidea,3.0,0.011538462,1.1538461999999998
Qualicum,2016-06-06,2.1,No_Eel,NA,1_Phyllodocida,1.0,0.003846154,0.3846154
Qualicum,2016-06-06,2.1,No_Eel,NA,1_Appendicularia,1.0,0.003846154,0.3846154
Qualicum,2016-06-06,2.1,No_Eel,NA,1_Calanoid,1.0,0.003846154,0.3846154
Qualicum,2016-06-06,2.1,No_Eel,NA,1_Cumacea,8.0,0.030769231,3.0769231
Qualicum,2016-06-06,2.1,No_Eel,NA,1_Phyllodocida,1.0,0.003846154,0.3846154
Qualicum,2016-06-06,2.1,No_Eel,NA,1_Ostracod,225.0,0.865384615,86.5384615
Qualicum,2016-05-25,1.1,No_Eel,1,6_Gammarid,8.0,0.015717092,1.5717092
Qualicum,2016-05-25,1.1,No_Eel,1,10_Caprellidea,2.0,0.003929273,0.3929273
Qualicum,2016-05-25,1.1,No_Eel,1,6_Caprellidea,45.0,0.088408644,8.8408644
Qualicum,2016-05-25,1.1,No_Eel,1,14_Phyllodocida,2.0,0.003929273,0.3929273
Qualicum,2016-05-25,1.1,No_Eel,1,6_Phyllodocida,9.0,0.017681729,1.7681729
Qualicum,2016-05-25,1.1,No_Eel,1,10_Natantia,2.0,0.003929273,0.3929273
Qualicum,2016-05-25,1.1,No_Eel,1,6_Natantia,3.0,0.00589391,0.589391
Qualicum,2016-05-25,1.1,No_Eel,1,6_Cardidae,1.0,0.001964637,0.1964637
Qualicum,2016-05-25,1.1,No_Eel,1,2_Echinoderm,1.0,0.001964637,0.1964637
Qualicum,2016-05-25,1.1,No_Eel,1,2_Gammarid,76.0,0.149312377,14.9312377
Qualicum,2016-05-25,1.1,No_Eel,1,2_Caprellidea,112.0,0.220039293,22.0039293
Qualicum,2016-05-25,1.1,No_Eel,1,2_Gastropod,3.0,0.00589391,0.589391
Qualicum,2016-05-25,1.1,No_Eel,1,2_Phyllodocida,22.0,0.043222004,4.3222004
Qualicum,2016-05-25,1.1,No_Eel,1,2_Natantia,100.0,0.196463654,19.6463654
Qualicum,2016-05-25,1.1,No_Eel,1,2_Brachyura,12.0,0.023575639,2.3575638999999997
Qualicum,2016-05-25,1.1,No_Eel,1,2_Barnacle,8.0,0.015717092,1.5717092
Qualicum,2016-05-25,1.1,No_Eel,1,1_Gammarid,61.0,0.119842829,11.9842829
Qualicum,2016-05-25,1.1,No_Eel,1,1_Caprellidea,17.0,0.033398821,3.3398821
Qualicum,2016-05-25,1.1,No_Eel,1,1_Phyllodocida,17.0,0.033398821,3.3398821
Qualicum,2016-05-25,1.1,No_Eel,1,1_Barnacle,8.0,0.015717092,1.5717092
Qualicum,2016-05-25,1.1,Eel,NA,6_Gammarid,2.0,0.00921659,0.921659
Qualicum,2016-05-25,1.1,Eel,NA,6_Caprellidea,10.0,0.046082949,4.6082949
Qualicum,2016-05-25,1.1,Eel,NA,22_Natantia,1.0,0.004608295,0.4608295
Qualicum,2016-05-25,1.1,Eel,NA,2_Gammarid,37.0,0.170506912,17.050691200000003
Qualicum,2016-05-25,1.1,Eel,NA,2_Caprellidea,11.0,0.050691244,5.069124400000001
Qualicum,2016-05-25,1.1,Eel,NA,2_Gastropod,17.0,0.078341014,7.8341014
Qualicum,2016-05-25,1.1,Eel,NA,2_Phyllodocida,7.0,0.032258065,3.2258065
Qualicum,2016-05-25,1.1,Eel,NA,2_Natantia,4.0,0.01843318,1.843318
Qualicum,2016-05-25,1.1,Eel,NA,2_Brachyura,2.0,0.00921659,0.921659
Qualicum,2016-05-25,1.1,Eel,NA,1_Gammarid,99.0,0.456221198,45.6221198
Qualicum,2016-05-25,1.1,Eel,NA,1_Caprellidea,7.0,0.032258065,3.2258065
Qualicum,2016-05-25,1.1,Eel,NA,1_Gastropod,3.0,0.013824885,1.3824885
Qualicum,2016-05-25,1.1,Eel,NA,1_Valvifera,8.0,0.036866359,3.6866359
Qualicum,2016-05-25,1.1,Eel,NA,1_Phyllodocida,3.0,0.013824885,1.3824885
Qualicum,2016-05-25,1.1,Eel,NA,1_Harpac,4.0,0.01843318,1.843318
Qualicum,2016-05-25,1.1,Eel,NA,1_Calanoid,1.0,0.004608295,0.4608295
Qualicum,2016-05-25,1.1,Eel,NA,1_Barnacle,1.0,0.004608295,0.4608295
Qualicum,2016-05-10,1.1,Eel,NA,6_Gammarid,2.0,0.008928571,0.8928571
Qualicum,2016-05-10,1.1,Eel,NA,22_Natantia,2.0,0.008928571,0.8928571
Qualicum,2016-05-10,1.1,Eel,NA,18_Natantia,2.0,0.008928571,0.8928571
Qualicum,2016-05-10,1.1,Eel,NA,34_Natantia,1.0,0.004464286,0.44642859999999995
Qualicum,2016-05-10,1.1,Eel,NA,10_Brachyura,1.0,0.004464286,0.44642859999999995
Qualicum,2016-05-10,1.1,Eel,NA,10_Fish Larvae,1.0,0.004464286,0.44642859999999995
Qualicum,2016-05-10,1.1,Eel,NA,2_Gammarid,67.0,0.299107143,29.910714300000002
Qualicum,2016-05-10,1.1,Eel,NA,2_Gastropod,2.0,0.008928571,0.8928571
Qualicum,2016-05-10,1.1,Eel,NA,2_Phyllodocida,2.0,0.008928571,0.8928571
Qualicum,2016-05-10,1.1,Eel,NA,2_Natantia,3.0,0.013392857,1.3392857
Qualicum,2016-05-10,1.1,Eel,NA,1_Gammarid,136.0,0.607142857,60.714285700000005
Qualicum,2016-05-10,1.1,Eel,NA,1_Calanoid,5.0,0.022321429,2.2321429
Qualicum,2016-05-10,1.1,No_Eel,NA,6_Gammarid,1.0,7.06714e-4,0.0706714
Qualicum,2016-05-10,1.1,No_Eel,NA,10_Caprellidea,2.0,0.001413428,0.1413428
Qualicum,2016-05-10,1.1,No_Eel,NA,6_Caprellidea,3.0,0.002120141,0.21201409999999998
Qualicum,2016-05-10,1.1,No_Eel,NA,6_Phyllodocida,1.0,7.06714e-4,0.0706714
Qualicum,2016-05-10,1.1,No_Eel,NA,18_Natantia,7.0,0.004946996,0.4946996
Qualicum,2016-05-10,1.1,No_Eel,NA,14_Natantia,14.0,0.009893993,0.9893993
Qualicum,2016-05-10,1.1,No_Eel,NA,10_Natantia,6.0,0.004240283,0.4240283
Qualicum,2016-05-10,1.1,No_Eel,NA,6_Natantia,2.0,0.001413428,0.1413428
Qualicum,2016-05-10,1.1,No_Eel,NA,6_Brachyura,3.0,0.002120141,0.21201409999999998
Qualicum,2016-05-10,1.1,No_Eel,NA,2_Gammarid,168.0,0.118727915,11.8727915
Qualicum,2016-05-10,1.1,No_Eel,NA,2_Caprellidea,27.0,0.019081272,1.9081272
Qualicum,2016-05-10,1.1,No_Eel,NA,2_Gastropod,10.0,0.007067138,0.7067138
Qualicum,2016-05-10,1.1,No_Eel,NA,2_Phyllodocida,75.0,0.053003534,5.3003534
Qualicum,2016-05-10,1.1,No_Eel,NA,2_Natantia,36.0,0.025441696,2.5441696
Qualicum,2016-05-10,1.1,No_Eel,NA,2_Echinoderm,3.0,0.002120141,0.21201409999999998
Qualicum,2016-05-10,1.1,No_Eel,NA,2_Bivalvia,7.0,0.004946996,0.4946996
Qualicum,2016-05-10,1.1,No_Eel,NA,1_Gammarid,360.0,0.254416961,25.4416961
Qualicum,2016-05-10,1.1,No_Eel,NA,1_Caprellidea,114.0,0.080565371,8.0565371
Qualicum,2016-05-10,1.1,No_Eel,NA,1_Phyllodocida,552.0,0.390106007,39.0106007
Qualicum,2016-05-10,1.1,No_Eel,NA,1_Calanoid,18.0,0.012720848,1.2720848
Qualicum,2016-05-10,1.1,No_Eel,NA,1_Bivalvia,6.0,0.004240283,0.4240283
Qualicum,2016-05-10,2.1,No_Eel,NA,6_Gammarid,1.0,0.003759398,0.3759398
Qualicum,2016-05-10,2.1,No_Eel,NA,14_Natantia,1.0,0.003759398,0.3759398
Qualicum,2016-05-10,2.1,No_Eel,NA,6_Cumacea,3.0,0.011278195,1.1278195
Qualicum,2016-05-10,2.1,No_Eel,NA,10_Cumacea,1.0,0.003759398,0.3759398
Qualicum,2016-05-10,2.1,No_Eel,NA,2_Gammarid,23.0,0.086466165,8.6466165
Qualicum,2016-05-10,2.1,No_Eel,NA,2_Caprellidea,3.0,0.011278195,1.1278195
Qualicum,2016-05-10,2.1,No_Eel,NA,2_Valvifera,1.0,0.003759398,0.3759398
Qualicum,2016-05-10,2.1,No_Eel,NA,2_Phyllodocida,5.0,0.018796992,1.8796992
Qualicum,2016-05-10,2.1,No_Eel,NA,2_Calanoid,1.0,0.003759398,0.3759398
Qualicum,2016-05-10,2.1,No_Eel,NA,2_Mysida,2.0,0.007518797,0.7518796999999999
Qualicum,2016-05-10,2.1,No_Eel,NA,2_Natantia,5.0,0.018796992,1.8796992
Qualicum,2016-05-10,2.1,No_Eel,NA,2_Cumacea,13.0,0.04887218,4.887218
Qualicum,2016-05-10,2.1,No_Eel,NA,2_Barnacle,10.0,0.037593985,3.7593985000000005
Qualicum,2016-05-10,2.1,No_Eel,NA,1_Gammarid,25.0,0.093984962,9.3984962
Qualicum,2016-05-10,2.1,No_Eel,NA,1_Caprellidea,1.0,0.003759398,0.3759398
Qualicum,2016-05-10,2.1,No_Eel,NA,1_Gastropod,2.0,0.007518797,0.7518796999999999
Qualicum,2016-05-10,2.1,No_Eel,NA,1_Valvifera,1.0,0.003759398,0.3759398
Qualicum,2016-05-10,2.1,No_Eel,NA,1_Phyllodocida,57.0,0.214285714,21.4285714
Qualicum,2016-05-10,2.1,No_Eel,NA,1_Appendicularia,2.0,0.007518797,0.7518796999999999
Qualicum,2016-05-10,2.1,No_Eel,NA,1_Harpac,25.0,0.093984962,9.3984962
Qualicum,2016-05-10,2.1,No_Eel,NA,1_Calanoid,53.0,0.19924812,19.924812
Qualicum,2016-05-10,2.1,No_Eel,NA,1_Mysida,2.0,0.007518797,0.7518796999999999
Qualicum,2016-05-10,2.1,No_Eel,NA,1_Cumacea,28.0,0.105263158,10.526315799999999
Qualicum,2016-05-10,2.1,No_Eel,NA,1_Echinoderm,1.0,0.003759398,0.3759398
Qualicum,2016-04-25,1.1,No_Eel,1,6_Gammarid,3.0,0.006060606,0.6060606
Qualicum,2016-04-25,1.1,No_Eel,1,10_Caprellidea,1.0,0.002020202,0.2020202
Qualicum,2016-04-25,1.1,No_Eel,1,6_Caprellidea,3.0,0.006060606,0.6060606
Qualicum,2016-04-25,1.1,No_Eel,1,6_Cumacea,5.0,0.01010101,1.0101010000000001
Qualicum,2016-04-25,1.1,No_Eel,1,6_Brachyura,1.0,0.002020202,0.2020202
Qualicum,2016-04-25,1.1,No_Eel,1,22_Fish Larvae,1.0,0.002020202,0.2020202
Qualicum,2016-04-25,1.1,No_Eel,1,2_Gammarid,203.0,0.41010101,41.010101
Qualicum,2016-04-25,1.1,No_Eel,1,2_Caprellidea,7.0,0.014141414,1.4141413999999999
Qualicum,2016-04-25,1.1,No_Eel,1,2_Gastropod,4.0,0.008080808,0.8080808
Qualicum,2016-04-25,1.1,No_Eel,1,2_Phyllodocida,10.0,0.02020202,2.0202020000000003
Qualicum,2016-04-25,1.1,No_Eel,1,2_Cumacea,66.0,0.133333333,13.3333333
Qualicum,2016-04-25,1.1,No_Eel,1,2_Brachyura,3.0,0.006060606,0.6060606
Qualicum,2016-04-25,1.1,No_Eel,1,1_Gammarid,73.0,0.147474747,14.7474747
Qualicum,2016-04-25,1.1,No_Eel,1,1_Cladoceran,5.0,0.01010101,1.0101010000000001
Qualicum,2016-04-25,1.1,No_Eel,1,1_Phyllodocida,77.0,0.155555556,15.555555600000002
Qualicum,2016-04-25,1.1,No_Eel,1,1_Cyclopoid,2.0,0.004040404,0.4040404
Qualicum,2016-04-25,1.1,No_Eel,1,1_Harpac,16.0,0.032323232,3.2323232
Qualicum,2016-04-25,1.1,No_Eel,1,1_Natantia,7.0,0.014141414,1.4141413999999999
Qualicum,2016-04-25,1.1,No_Eel,1,1_Natantia,1.0,0.002020202,0.2020202
Qualicum,2016-04-25,1.1,No_Eel,1,1_Cumacea,7.0,0.014141414,1.4141413999999999
Qualicum,2016-04-25,2.1,No_Eel,NA,6_Gammarid,28.0,0.048192771,4.8192771
Qualicum,2016-04-25,2.1,No_Eel,NA,6_Natantia,3.0,0.005163511,0.5163511
Qualicum,2016-04-25,2.1,No_Eel,NA,14_Natantia,1.0,0.00172117,0.172117
Qualicum,2016-04-25,2.1,No_Eel,NA,6_Natantia,4.0,0.006884682,0.6884682
Qualicum,2016-04-25,2.1,No_Eel,NA,6_Cumacea,1.0,0.00172117,0.172117
Qualicum,2016-04-25,2.1,No_Eel,NA,6_Brachyura,1.0,0.00172117,0.172117
Qualicum,2016-04-25,2.1,No_Eel,NA,10_Pleuronecti,1.0,0.00172117,0.172117
Qualicum,2016-04-25,2.1,No_Eel,NA,2_Gammarid,364.0,0.626506024,62.6506024
Qualicum,2016-04-25,2.1,No_Eel,NA,2_Caprellidea,3.0,0.005163511,0.5163511
Qualicum,2016-04-25,2.1,No_Eel,NA,2_Valvifera,1.0,0.00172117,0.172117
Qualicum,2016-04-25,2.1,No_Eel,NA,2_Phyllodocida,6.0,0.010327022,1.0327022
Qualicum,2016-04-25,2.1,No_Eel,NA,2_Natantia,22.0,0.037865749,3.7865748999999997
Qualicum,2016-04-25,2.1,No_Eel,NA,2_Natantia,10.0,0.017211704,1.7211704
Qualicum,2016-04-25,2.1,No_Eel,NA,2_Cumacea,22.0,0.037865749,3.7865748999999997
Qualicum,2016-04-25,2.1,No_Eel,NA,2_Brachyura,2.0,0.003442341,0.3442341
Qualicum,2016-04-25,2.1,No_Eel,NA,1_Gammarid,41.0,0.070567986,7.0567986
Qualicum,2016-04-25,2.1,No_Eel,NA,1_Cladoceran,13.0,0.022375215,2.2375215
Qualicum,2016-04-25,2.1,No_Eel,NA,1_Phyllodocida,29.0,0.049913941,4.9913941
Qualicum,2016-04-25,2.1,No_Eel,NA,1_Harpac,8.0,0.013769363,1.3769363
Qualicum,2016-04-25,2.1,No_Eel,NA,1_Calanoid,16.0,0.027538726,2.7538726
Qualicum,2016-04-25,2.1,No_Eel,NA,1_Natantia,1.0,0.00172117,0.172117
Qualicum,2016-04-25,2.1,No_Eel,NA,1_Cumacea,4.0,0.006884682,0.6884682
Qualicum,2016-04-25,1.1,Eel,1,6_Gammarid,8.0,0.009803922,0.9803921999999999
Qualicum,2016-04-25,1.1,Eel,1,10_Gammarid,1.0,0.00122549,0.122549
Qualicum,2016-04-25,1.1,Eel,1,10_Phyllodocida,1.0,0.00122549,0.122549
Qualicum,2016-04-25,1.1,Eel,1,14_Natantia,1.0,0.00122549,0.122549
Qualicum,2016-04-25,1.1,Eel,1,26_Fish Larvae,1.0,0.00122549,0.122549
Qualicum,2016-04-25,1.1,Eel,1,2_Gammarid,501.0,0.613970588,61.3970588
Qualicum,2016-04-25,1.1,Eel,1,2_Phyllodocida,6.0,0.007352941,0.7352941
Qualicum,2016-04-25,1.1,Eel,1,2_Natantia,4.0,0.004901961,0.49019609999999997
Qualicum,2016-04-25,1.1,Eel,1,1_Gammarid,238.0,0.291666667,29.1666667
Qualicum,2016-04-25,1.1,Eel,1,1_Gastropod,5.0,0.006127451,0.6127451
Qualicum,2016-04-25,1.1,Eel,1,1_Valvifera,1.0,0.00122549,0.122549
Qualicum,2016-04-25,1.1,Eel,1,1_Appendicularia,25.0,0.030637255,3.0637255
Qualicum,2016-04-25,1.1,Eel,1,1_Harpac,4.0,0.004901961,0.49019609999999997
Qualicum,2016-04-25,1.1,Eel,1,1_Calanoid,18.0,0.022058824,2.2058824
Qualicum,2016-04-25,1.1,Eel,1,1_Cumacea,2.0,0.00245098,0.245098
Qualicum,2016-04-25,2.1,Eel,1,10_Gammarid,3.0,0.00305499,0.305499
Qualicum,2016-04-25,2.1,Eel,1,6_Gammarid,3.0,0.00305499,0.305499
Qualicum,2016-04-25,2.1,Eel,1,18_Natantia,1.0,0.00101833,0.101833
Qualicum,2016-04-25,2.1,Eel,1,14_Natantia,2.0,0.00203666,0.203666
Qualicum,2016-04-25,2.1,Eel,1,10_Natantia,2.0,0.00203666,0.203666
Qualicum,2016-04-25,2.1,Eel,1,10_Brachyura,7.0,0.00712831,0.712831
Qualicum,2016-04-25,2.1,Eel,1,6_Brachyura,2.0,0.00203666,0.203666
Qualicum,2016-04-25,2.1,Eel,1,8_Fish Larvae,1.0,0.00101833,0.101833
Qualicum,2016-04-25,2.1,Eel,1,2_Gammarid,406.0,0.41344195500000003,41.344195500000005
Qualicum,2016-04-25,2.1,Eel,1,2_Appendicularia,16.0,0.016293279,1.6293279
Qualicum,2016-04-25,2.1,Eel,1,2_Natantia,18.0,0.018329939,1.8329939
Qualicum,2016-04-25,2.1,Eel,1,2_Natantia,3.0,0.00305499,0.305499
Qualicum,2016-04-25,2.1,Eel,1,2_Cumacea,1.0,0.00101833,0.101833
Qualicum,2016-04-25,2.1,Eel,1,2_Brachyura,4.0,0.00407332,0.407332
Qualicum,2016-04-25,2.1,Eel,1,1_Gammarid,307.0,0.312627291,31.262729099999998
Qualicum,2016-04-25,2.1,Eel,1,1_Gastropod,4.0,0.00407332,0.407332
Qualicum,2016-04-25,2.1,Eel,1,1_Phyllodocida,2.0,0.00203666,0.203666
Qualicum,2016-04-25,2.1,Eel,1,1_Appendicularia,22.0,0.022403259,2.2403258999999998
Qualicum,2016-04-25,2.1,Eel,1,1_Harpac,76.0,0.077393075,7.739307500000001
Qualicum,2016-04-25,2.1,Eel,1,1_Calanoid,99.0,0.100814664,10.0814664
Qualicum,2016-04-25,2.1,Eel,1,1_Natantia,3.0,0.00305499,0.305499
Qualicum,2016-04-11,1.1,No_Eel,1,6_Gammarid,5.0,0.009727626,0.9727625999999999
Qualicum,2016-04-11,1.1,No_Eel,1,10_Gammarid,3.0,0.005836576,0.5836576
Qualicum,2016-04-11,1.1,No_Eel,1,6_Cumacea,1.0,0.001945525,0.19455250000000002
Qualicum,2016-04-11,1.1,No_Eel,1,30_Brachyura,30.0,0.058365759,5.836575900000001
Qualicum,2016-04-11,1.1,No_Eel,1,2_Gammarid,281.0,0.546692607,54.6692607
Qualicum,2016-04-11,1.1,No_Eel,1,2_Valvifera,1.0,0.001945525,0.19455250000000002
Qualicum,2016-04-11,1.1,No_Eel,1,2_Phyllodocida,2.0,0.003891051,0.3891051
Qualicum,2016-04-11,1.1,No_Eel,1,2_Mysida,2.0,0.003891051,0.3891051
Qualicum,2016-04-11,1.1,No_Eel,1,2_Cumacea,62.0,0.120622568,12.0622568
Qualicum,2016-04-11,1.1,No_Eel,1,2_Brachyura,2.0,0.003891051,0.3891051
Qualicum,2016-04-11,1.1,No_Eel,1,1_Gammarid,108.0,0.210116732,21.0116732
Qualicum,2016-04-11,1.1,No_Eel,1,1_Phyllodocida,10.0,0.019455253,1.9455253
Qualicum,2016-04-11,1.1,No_Eel,1,1_Calanoid,5.0,0.009727626,0.9727625999999999
Qualicum,2016-04-11,1.1,No_Eel,1,1_Cumacea,2.0,0.003891051,0.3891051
Qualicum,2016-04-11,2.1,No_Eel,1,2_Gammarid,224.0,0.386873921,38.687392100000004
Qualicum,2016-04-11,2.1,No_Eel,1,2_Caprellidea,3.0,0.005181347,0.5181347000000001
Qualicum,2016-04-11,2.1,No_Eel,1,2_Cumacea,40.0,0.069084629,6.908462899999999
Qualicum,2016-04-11,2.1,No_Eel,1,1_Gammarid,216.0,0.373056995,37.3056995
Qualicum,2016-04-11,2.1,No_Eel,1,1_Harpac,32.0,0.055267703,5.5267703
Qualicum,2016-04-11,2.1,No_Eel,1,1_Calanoid,64.0,0.110535406,11.0535406
Qualicum,2016-04-11,1.1,Eel,1,10_Gammarid,1.0,0.001540832,0.1540832
Qualicum,2016-04-11,1.1,Eel,1,6_Gammarid,14.0,0.021571649,2.1571648999999997
Qualicum,2016-04-11,1.1,Eel,1,6_Gastropod,4.0,0.006163328,0.6163328
Qualicum,2016-04-11,1.1,Eel,1,22_Natantia,2.0,0.003081664,0.3081664
Qualicum,2016-04-11,1.1,Eel,1,2_Gammarid,306.0,0.471494607,47.1494607
Qualicum,2016-04-11,1.1,Eel,1,2_Phyllodocida,8.0,0.012326656,1.2326656
Qualicum,2016-04-11,1.1,Eel,1,2_Appendicularia,2.0,0.003081664,0.3081664
Qualicum,2016-04-11,1.1,Eel,1,2_Calanoid,8.0,0.012326656,1.2326656
Qualicum,2016-04-11,1.1,Eel,1,2_Natantia,4.0,0.006163328,0.6163328
Qualicum,2016-04-11,1.1,Eel,1,2_Natantia,1.0,0.001540832,0.1540832
Qualicum,2016-04-11,1.1,Eel,1,1_Gammarid,146.0,0.224961479,22.4961479
Qualicum,2016-04-11,1.1,Eel,1,1_Phyllodocida,6.0,0.009244992,0.9244992000000001
Qualicum,2016-04-11,1.1,Eel,1,1_Appendicularia,3.0,0.004622496,0.46224960000000004
Qualicum,2016-04-11,1.1,Eel,1,1_Harpac,30.0,0.046224961,4.6224961
Qualicum,2016-04-11,1.1,Eel,1,1_Calanoid,112.0,0.17257319,17.257319
Qualicum,2016-04-11,1.1,Eel,1,1_Cumacea,1.0,0.001540832,0.1540832
Qualicum,2016-04-11,1.1,Eel,1,1_Isopod,1.0,0.001540832,0.1540832
Qualicum,2016-04-11,2.1,Eel,1,18_Natantia,1.0,0.002252252,0.22522520000000001
Qualicum,2016-04-11,2.1,Eel,1,14_Natantia,4.0,0.009009009,0.9009009
Qualicum,2016-04-11,2.1,Eel,1,6_Brachyura,1.0,0.002252252,0.22522520000000001
Qualicum,2016-04-11,2.1,Eel,1,2_Gammarid,220.0,0.495495495,49.5495495
Qualicum,2016-04-11,2.1,Eel,1,2_Natantia,2.0,0.004504505,0.4504505
Qualicum,2016-04-11,2.1,Eel,1,1_Gammarid,144.0,0.324324324,32.432432399999996
Qualicum,2016-04-11,2.1,Eel,1,1_Harpac,16.0,0.036036036,3.6036036
Qualicum,2016-04-11,2.1,Eel,1,1_Calanoid,56.0,0.126126126,12.6126126
Koeye,2016-08-07,2.1,Eel,NA,1_Gammarid,1.0,0.001572327,0.1572327
Koeye,2016-08-07,2.1,Eel,NA,1_Cladoceran,7.0,0.011006289,1.1006289
Koeye,2016-08-07,2.1,Eel,NA,1_Harpac,251.0,0.394654088,39.4654088
Koeye,2016-08-07,2.1,Eel,NA,1_Calanoid,1.0,0.001572327,0.1572327
Koeye,2016-08-07,2.1,Eel,NA,1_Cumacea,2.0,0.003144654,0.3144654
Koeye,2016-08-07,2.1,No_Eel,1,2_Gammarid,2.0,0.003144654,0.3144654
Koeye,2016-08-07,2.1,No_Eel,1,2_Euphausiid,1.0,0.001572327,0.1572327
Koeye,2016-08-07,2.1,No_Eel,1,1_Gammarid,1.0,0.001572327,0.1572327
Koeye,2016-08-07,2.1,No_Eel,1,1_Phyllodocida,357.0,0.561320755,56.1320755
Koeye,2016-08-07,2.1,No_Eel,1,1_Harpac,11.0,0.017295597,1.7295597
Koeye,2016-08-07,2.1,No_Eel,1,1_Calanoid,2.0,0.003144654,0.3144654
Koeye,2016-08-07,1.1,Eel,NA,2_Gammarid,5.0,0.004132231,0.4132231
Koeye,2016-08-07,1.1,Eel,NA,2_Brachyura,1.0,8.26446e-4,0.0826446
Koeye,2016-08-07,1.1,Eel,NA,1_Gammarid,20.0,0.016528926,1.6528926
Koeye,2016-08-07,1.1,Eel,NA,1_Phyllodocida,40.0,0.033057851,3.3057851
Koeye,2016-08-07,1.1,Eel,NA,1_Harpac,1136.0,0.938842975,93.8842975
Koeye,2016-08-07,1.1,Eel,NA,1_Calanoid,4.0,0.003305785,0.3305785
Koeye,2016-08-07,1.1,Eel,NA,1_Cumacea,4.0,0.003305785,0.3305785
Tahsis,2016-06-23,1.1,No_Eel,NA,2_Phyllodocida,2.0,0.004366812,0.43668120000000005
Tahsis,2016-06-23,1.1,No_Eel,NA,2_Cumacea,2.0,0.004366812,0.43668120000000005
Tahsis,2016-06-23,1.1,No_Eel,NA,1_Cladoceran,4.0,0.008733624,0.8733624000000001
Tahsis,2016-06-23,1.1,No_Eel,NA,1_Valvifera,4.0,0.008733624,0.8733624000000001
Tahsis,2016-06-23,1.1,No_Eel,NA,1_Phyllodocida,6.0,0.013100437,1.3100437
Tahsis,2016-06-23,1.1,No_Eel,NA,1_Appendicularia,6.0,0.013100437,1.3100437
Tahsis,2016-06-23,1.1,No_Eel,NA,1_Harpac,150.0,0.327510917,32.7510917
Tahsis,2016-06-23,1.1,No_Eel,NA,1_Calanoid,282.0,0.615720524,61.5720524
Tahsis,2016-06-23,1.1,No_Eel,NA,1_Cumacea,2.0,0.004366812,0.43668120000000005
Tahsis,2016-06-23,1.1,Eel,NA,10_Fish Larvae,1.0,3.33111e-4,0.033311099999999996
Tahsis,2016-06-23,1.1,Eel,NA,2_Natantia,1.0,3.33111e-4,0.033311099999999996
Tahsis,2016-06-23,1.1,Eel,NA,1_Cladoceran,80.0,0.026648901,2.6648901
Tahsis,2016-06-23,1.1,Eel,NA,1_Valvifera,20.0,0.006662225,0.6662224999999999
Tahsis,2016-06-23,1.1,Eel,NA,1_Phyllodocida,10.0,0.003331113,0.3331113
Tahsis,2016-06-23,1.1,Eel,NA,1_Harpac,110.0,0.036642239,3.6642239
Tahsis,2016-06-23,1.1,Eel,NA,1_Calanoid,2780.0,0.9260493,92.60493
Tahsis,2016-06-23,2.1,Eel,NA,2_Mysida,1.0,2.95683e-4,0.0295683
Tahsis,2016-06-23,2.1,Eel,NA,2_Natantia,2.0,5.91366e-4,0.0591366
Tahsis,2016-06-23,2.1,Eel,NA,2_Cumacea,2.0,5.91366e-4,0.0591366
Tahsis,2016-06-23,2.1,Eel,NA,4_Mysida,1.0,2.95683e-4,0.0295683
Tahsis,2016-06-23,2.1,Eel,NA,1_Cladoceran,72.0,0.021289178,2.1289178
Tahsis,2016-06-23,2.1,Eel,NA,1_Phyllodocida,8.0,0.002365464,0.2365464
Tahsis,2016-06-23,2.1,Eel,NA,1_Appendicularia,32.0,0.009461857,0.9461857
Tahsis,2016-06-23,2.1,Eel,NA,1_Harpac,280.0,0.082791248,8.2791248
Tahsis,2016-06-23,2.1,Eel,NA,1_Calanoid,2984.0,0.882318155,88.2318155
Tahsis,2016-06-23,2.1,No_Eel,NA,1_Phyllodocida,80.0,0.033444816,3.3444816000000004
Tahsis,2016-06-23,2.1,No_Eel,NA,1_Harpac,48.0,0.02006689,2.006689
Tahsis,2016-06-23,2.1,No_Eel,NA,1_Calanoid,2224.0,0.929765886,92.9765886
Tahsis,2016-06-23,2.1,No_Eel,NA,1_Cladoceran,40.0,0.016722408,1.6722408000000002
Tahsis,2016-06-08,1.1,Eel,NA,2_Gammarid,1.0,4.23729e-4,0.042372900000000005
Tahsis,2016-06-08,1.1,Eel,NA,2_Calanoid,1.0,4.23729e-4,0.042372900000000005
Tahsis,2016-06-08,1.1,Eel,NA,2_Natantia,4.0,0.001694915,0.1694915
Tahsis,2016-06-08,1.1,Eel,NA,2_Cumacea,1.0,4.23729e-4,0.042372900000000005
Tahsis,2016-06-08,1.1,Eel,NA,26_Fish Larvae,1.0,4.23729e-4,0.042372900000000005
Tahsis,2016-06-08,1.1,Eel,NA,1_Cladoceran,16.0,0.006779661,0.6779661
Tahsis,2016-06-08,1.1,Eel,NA,1_Phyllodocida,56.0,0.023728814,2.3728814000000003
Tahsis,2016-06-08,1.1,Eel,NA,1_Appendicularia,16.0,0.006779661,0.6779661
Tahsis,2016-06-08,1.1,Eel,NA,1_Harpac,296.0,0.125423729,12.542372900000002
Tahsis,2016-06-08,1.1,Eel,NA,1_Calanoid,1968.0,0.833898305,83.38983049999999
Tahsis,2016-05-26,1.1,Eel,NA,1_Harpac,1920.0,0.025972269,2.5972269
Tahsis,2016-05-26,1.1,Eel,NA,1_Calanoid,72e3,0.973960095,97.3960095
Tahsis,2016-05-26,1.1,Eel,NA,2_Calanoid,2.0,2.70544e-5,0.00270544
Tahsis,2016-05-26,1.1,Eel,NA,2_Natantia,1.0,1.35272e-5,0.00135272
Tahsis,2016-05-26,1.1,Eel,NA,2_Cumacea,2.0,2.70544e-5,0.00270544
Tahsis,2016-05-26,1.1,No_Eel,NA,2_Phyllodocida,1.0,0.001008403,0.1008403
Tahsis,2016-05-26,1.1,No_Eel,NA,2_Natantia,3.0,0.00302521,0.302521
Tahsis,2016-05-26,1.1,No_Eel,NA,2_Fish Larvae,1.0,0.001008403,0.1008403
Tahsis,2016-05-26,1.1,No_Eel,NA,1_Appendicularia,13.33333333,0.013445378,1.3445378
Tahsis,2016-05-26,1.1,No_Eel,NA,1_Harpac,543.3333333,0.54789916,54.789916000000005
Tahsis,2016-05-26,1.1,No_Eel,NA,1_Calanoid,426.6666667,0.430252101,43.0252101
Tahsis,2016-05-26,1.1,No_Eel,NA,1_Cumacea,3.333333333,0.003361345,0.3361345
Tahsis,2016-05-26,2.1,No_Eel,NA,1_Harpac,128.0,0.119402985,11.9402985
Tahsis,2016-05-26,2.1,No_Eel,NA,1_Phyllodocida,16.0,0.014925373,1.4925373
Tahsis,2016-05-26,2.1,No_Eel,NA,1_Calanoid,896.0,0.835820896,83.5820896
Tahsis,2016-05-26,2.1,No_Eel,NA,1_Cladoceran,32.0,0.029850746,2.9850746
Tahsis,2016-05-26,2.1,Eel,NA,2_Gammarid,2.0,7.8064e-4,0.078064
Tahsis,2016-05-26,2.1,Eel,NA,1_Appendicularia,16.0,0.006245121,0.6245121
Tahsis,2016-05-26,2.1,Eel,NA,1_Harpac,56.0,0.021857923,2.1857923
Tahsis,2016-05-26,2.1,Eel,NA,1_Calanoid,2472.0,0.964871194,96.4871194
Tahsis,2016-05-26,2.1,Eel,NA,1_Cladoceran,16.0,0.006245121,0.6245121
Tahsis,2016-05-10,1.1,No_Eel,NA,1_Cladoceran,200.0,0.033647376,3.3647375999999998
Tahsis,2016-05-10,1.1,No_Eel,NA,1_Phyllodocida,120.0,0.020188425,2.0188425
Tahsis,2016-05-10,1.1,No_Eel,NA,1_Harpac,360.0,0.060565276,6.0565276
Tahsis,2016-05-10,1.1,No_Eel,NA,1_Calanoid,5260.0,0.884925976,88.4925976
Tahsis,2016-05-10,1.1,No_Eel,NA,2_Harpac,1.0,1.68237e-4,0.0168237
Tahsis,2016-05-10,1.1,No_Eel,NA,2_Cumacea,3.0,5.04711e-4,0.050471100000000005
Tahsis,2016-05-10,1.1,Eel,NA,1_Cladoceran,6.0,0.001502755,0.1502755
Tahsis,2016-05-10,1.1,Eel,NA,1_Phyllodocida,53.33333333,0.013357823,1.3357823
Tahsis,2016-05-10,1.1,Eel,NA,1_Harpac,160.0,0.040073468,4.0073468000000005
Tahsis,2016-05-10,1.1,Eel,NA,1_Calanoid,3760.0,0.941726499,94.17264990000001
Tahsis,2016-05-10,1.1,Eel,NA,1_Natantia,13.33333333,0.003339456,0.3339456
Tahsis,2016-05-10,2.1,No_Eel,NA,1_Appendicularia,8.0,0.003558719,0.3558719
Tahsis,2016-05-10,2.1,No_Eel,NA,1_Harpac,40.0,0.017793594,1.7793594
Tahsis,2016-05-10,2.1,No_Eel,NA,1_Calanoid,2176.0,0.96797153,96.79715300000001
Tahsis,2016-05-10,2.1,No_Eel,NA,1_Cladoceran,24.0,0.010676157,1.0676157
Tahsis,2016-06-08,1.1,No_Eel,NA,2_Natantia,1.0,4.94071e-4,0.0494071
Tahsis,2016-06-08,1.1,No_Eel,NA,2_Cumacea,3.0,0.001482213,0.1482213
Tahsis,2016-06-08,1.1,No_Eel,NA,1_Cladoceran,40.0,0.019762846,1.9762846
Tahsis,2016-06-08,1.1,No_Eel,NA,1_Valvifera,10.0,0.004940711,0.49407110000000004
Tahsis,2016-06-08,1.1,No_Eel,NA,1_Appendicularia,20.0,0.009881423,0.9881423
Tahsis,2016-06-08,1.1,No_Eel,NA,1_Harpac,160.0,0.079051383,7.9051383
Tahsis,2016-06-08,1.1,No_Eel,NA,1_Calanoid,1700.0,0.839920949,83.9920949
Tahsis,2016-06-08,1.1,No_Eel,NA,1_Cumacea,90.0,0.044466403,4.4466403
Tahsis,2016-06-08,2.1,No_Eel,NA,1_Appendicularia,26.66666667,0.007782101,0.7782100999999999
Tahsis,2016-06-08,2.1,No_Eel,NA,1_Harpac,280.0,0.081712062,8.1712062
Tahsis,2016-06-08,2.1,No_Eel,NA,1_Calanoid,3026.666667,0.883268482,88.3268482
Tahsis,2016-06-08,2.1,No_Eel,NA,1_Cumacea,26.66666667,0.007782101,0.7782100999999999
Tahsis,2016-06-08,2.1,No_Eel,NA,1_Brachyura,13.33333333,0.003891051,0.3891051
Tahsis,2016-06-08,2.1,No_Eel,NA,1_Cladoceran,53.33333333,0.015564202,1.5564201999999998
Tahsis,2016-06-08,2.1,Eel,NA,14_Cumacea,1.0,2.02799e-4,0.0202799
Tahsis,2016-06-08,2.1,Eel,NA,2_Valvifera,3.0,6.08396e-4,0.0608396
Tahsis,2016-06-08,2.1,Eel,NA,2_Phyllodocida,1.0,2.02799e-4,0.0202799
Tahsis,2016-06-08,2.1,Eel,NA,2_Natantia,12.0,0.002433583,0.2433583
Tahsis,2016-06-08,2.1,Eel,NA,2_Fish Larvae,1.0,2.02799e-4,0.0202799
Tahsis,2016-06-08,2.1,Eel,NA,1_Appendicularia,16.0,0.003244778,0.3244778
Tahsis,2016-06-08,2.1,Eel,NA,1_Harpac,1840.0,0.373149463,37.3149463
Tahsis,2016-06-08,2.1,Eel,NA,1_Calanoid,3056.0,0.619752586,61.975258600000004
Tahsis,2016-06-08,2.1,Eel,NA,1_Brachyura,1.0,2.02799e-4,0.0202799
Bedwell,2016-05-27,1.1,Eel,NA,1_Cumacea,96.0,0.328767123,32.8767123
Bedwell,2016-05-27,1.1,Eel,NA,1_Harpac,133.0,0.455479452,45.5479452
Bedwell,2016-05-27,1.1,Eel,NA,1_Phyllodocida,20.0,0.068493151,6.8493151
Bedwell,2016-05-27,1.1,Eel,NA,1_Cladoceran,1.0,0.003424658,0.3424658
Bedwell,2016-05-27,1.1,Eel,NA,1_Gammarid,10.0,0.034246575,3.4246575000000004
Bedwell,2016-05-27,1.1,Eel,NA,2_Brachyura,1.0,0.003424658,0.3424658
Bedwell,2016-05-27,1.1,Eel,NA,2_Cumacea,20.0,0.068493151,6.8493151
Bedwell,2016-05-27,1.1,Eel,NA,2_Phyllodocida,5.0,0.017123288,1.7123288
Bedwell,2016-05-27,1.1,Eel,NA,2_Gammarid,6.0,0.020547945,2.0547945000000003
Bedwell,2016-05-27,4.1,No_Eel,NA,2_Valvifera,1.0,0.003484321,0.34843209999999997
Bedwell,2016-05-27,4.1,No_Eel,NA,2_Phyllodocida,1.0,0.003484321,0.34843209999999997
Bedwell,2016-05-27,4.1,No_Eel,NA,1_Gammarid,8.0,0.027874564,2.7874564
Bedwell,2016-05-27,4.1,No_Eel,NA,1_Cladoceran,3.0,0.010452962,1.0452962
Bedwell,2016-05-27,4.1,No_Eel,NA,1_Phyllodocida,15.0,0.052264808,5.2264808
Bedwell,2016-05-27,4.1,No_Eel,NA,1_Harpac,210.0,0.731707317,73.1707317
Bedwell,2016-05-27,4.1,No_Eel,NA,1_Calanoid,4.0,0.013937282,1.3937282
Bedwell,2016-05-27,4.1,No_Eel,NA,1_Cumacea,45.0,0.156794425,15.679442499999999
Bedwell,2016-04-28,3.1,Eel,NA,2_Gammarid,3.0,0.002308286,0.23082860000000002
Bedwell,2016-04-28,3.1,Eel,NA,2_Harpac,7.0,0.005386002,0.5386002
Bedwell,2016-04-28,3.1,Eel,NA,2_Cumacea,17.0,0.01308029,1.3080289999999999
Bedwell,2016-04-28,3.1,Eel,NA,1_Phyllodocida,3.0,0.002308286,0.23082860000000002
Bedwell,2016-04-28,3.1,Eel,NA,1_Harpac,1256.66541,0.966914561,96.6914561
Bedwell,2016-04-28,3.1,Eel,NA,1_Cumacea,13.0,0.010002574,1.0002574
Bedwell,2016-04-14,3.2,No_Eel,NA,2_Phyllodocida,1.0,0.004975124,0.4975124
Bedwell,2016-04-14,3.2,No_Eel,NA,1_Gammarid,6.0,0.029850746,2.9850746
Bedwell,2016-04-14,3.2,No_Eel,NA,1_Cladoceran,3.0,0.014925373,1.4925373
Bedwell,2016-04-14,3.2,No_Eel,NA,1_Valvifera,1.0,0.004975124,0.4975124
Bedwell,2016-04-14,3.2,No_Eel,NA,1_Phyllodocida,5.0,0.024875622,2.4875622
Bedwell,2016-04-14,3.2,No_Eel,NA,1_Harpac,146.0,0.726368159,72.6368159
Bedwell,2016-04-14,3.2,No_Eel,NA,1_Calanoid,15.0,0.074626866,7.4626866
Bedwell,2016-04-14,3.2,No_Eel,NA,1_Cumacea,20.0,0.099502488,9.9502488
Bedwell,2016-04-14,3.2,No_Eel,NA,1_Ostracod,4.0,0.019900498,1.9900498
